County,Batteries,CoalIntegratedGasificationCombinedCycle,ConventionalHydroelectric,ConventionalSteamCoal,Flywheels,Geothermal,HydroelectricPumpedStorage,LandfillGas,MunicipalSolidWaste,NaturalGasFiredCombinedCycle,NaturalGasFiredCombustionTurbine,NaturalGasInternalCombustionEngine,NaturalGasSteamTurbine,NaturalGaswithCompressedAirStorage,Nuclear,OffshoreWindTurbine,OnshoreWindTurbine,OtherGases,OtherNaturalGas,OtherWasteBiomass,PetroleumCoke,PetroleumLiquids,SolarPhotovoltaic,SolarThermalwithEnergyStorage,SolarThermalwithoutEnergyStorage,Wood/WoodWasteBiomass
Abbeville,0,0,0,0,0,0,0,0,0,0,0,0,0,0,0,0,0,0,0,0,0,1,0,0,0,0
Acadia,0,0,0,0,0,0,0,0,0,6,4,0,0,0,0,0,0,0,0,0,0,2,0,0,0,0
Accomack,0,0,0,0,0,0,0,0,0,0,0,0,0,0,0,0,0,0,0,0,0,16,5,0,0,0
Ada,0,0,10,0,0,0,0,2,0,0,0,0,0,0,0,0,0,0,0,0,0,0,2,0,0,0
Adair,0,0,0,0,0,0,0,0,0,0,0,0,0,0,0,0,14,0,0,0,0,8,0,0,0,0
Adams,1,0,6,2,0,0,0,0,0,7,8,0,5,0,0,0,8,0,0,1,0,5,18,0,0,1
Addison,2,0,15,0,0,0,0,0,0,0,0,0,0,0,0,0,0,0,0,0,0,2,4,0,0,2
Aiken,0,0,0,0,0,0,0,0,0,4,4,0,1,0,0,0,0,0,0,0,0,0,1,0,0,1
Alachua,0,0,0,1,0,0,0,0,0,2,5,1,1,0,0,0,0,0,0,0,0,0,2,0,0,1
Alamance,0,0,2,0,0,0,0,0,0,0,0,0,0,0,0,0,0,0,0,0,0,0,7,0,0,0
Alameda,1,0,0,0,0,0,0,4,0,5,6,0,0,0,0,0,3,0,7,5,0,2,6,0,0,0
Alamosa,0,0,0,0,0,0,0,0,0,0,2,0,0,0,0,0,0,0,0,0,0,0,9,0,0,0
Albany,0,0,14,0,0,0,0,9,0,9,1,0,0,0,0,0,2,0,0,0,0,0,9,0,0,0
Alcona,0,0,2,0,0,0,0,0,0,0,0,0,0,0,0,0,0,0,0,0,0,0,0,0,0,1
AleutiansEast,0,0,1,0,0,0,0,0,0,0,0,0,0,0,0,0,2,0,0,0,0,8,0,0,0,0
AleutiansWest,0,0,0,0,0,0,0,0,0,0,0,0,0,0,0,0,0,0,0,0,0,19,0,0,0,0
Alexander,0,0,0,0,0,0,0,0,0,0,0,0,0,0,0,0,0,0,0,0,0,0,3,0,0,0
AlexandriaCity,0,0,0,0,0,0,0,0,2,0,0,0,0,0,0,0,0,0,0,0,0,0,0,0,0,0
Alger,0,0,0,1,0,0,0,0,0,0,0,0,0,0,0,0,0,0,0,0,0,0,0,0,0,0
Allamakee,0,0,0,1,0,0,0,0,0,0,0,0,0,0,0,0,0,0,0,0,0,2,0,0,0,0
Allegan,0,0,3,0,0,0,0,0,0,0,6,0,0,0,0,0,0,0,0,0,0,0,0,0,0,0
Allegany,1,0,2,1,0,0,0,3,0,2,0,0,0,0,0,0,0,0,0,0,0,0,1,0,0,0
Alleghany,0,0,0,0,0,0,0,0,0,0,0,0,0,0,0,0,0,0,0,0,0,4,0,0,0,0
Allegheny,0,0,0,1,0,0,0,0,0,7,3,0,0,0,0,0,0,5,0,0,0,3,0,0,0,0
Allen,1,0,0,0,0,0,0,0,0,0,0,2,0,0,0,0,1,0,0,0,0,7,0,0,0,0
Allendale,0,0,0,0,0,0,0,0,0,0,0,0,0,0,0,0,0,0,0,0,0,0,4,0,0,1
Alpena,0,0,9,0,0,0,0,0,0,0,0,0,1,0,0,0,0,0,0,0,5,0,0,0,0,0
Amador,0,0,8,0,0,0,0,0,0,0,0,0,0,0,0,0,0,0,0,0,0,0,0,0,0,1
Amelia,0,0,0,0,0,0,0,48,0,0,0,0,0,0,0,0,0,0,0,0,0,2,0,0,0,0
Amherst,0,0,5,0,0,0,0,0,0,0,0,0,0,0,0,0,0,0,0,0,0,0,0,0,0,0
Anchorage,0,0,0,0,0,0,0,5,0,8,4,10,0,0,0,0,1,0,0,0,0,1,0,0,0,0
Anderson,0,0,10,1,0,0,0,7,0,6,7,0,1,0,0,0,4,0,0,0,0,8,4,0,0,0
Andrews,0,0,0,0,0,0,0,0,0,0,0,0,0,0,0,0,1,0,0,0,0,0,2,0,0,0
Androscoggin,0,0,30,0,0,0,0,0,1,0,0,0,0,0,0,0,0,0,0,0,0,0,0,0,0,1
AnneArundel,0,0,0,3,0,0,0,2,0,0,0,0,1,0,0,0,0,0,0,0,0,2,3,0,0,0
Anoka,1,0,0,0,0,0,0,0,0,0,0,0,0,0,0,0,0,0,0,0,0,0,1,0,0,0
Anson,0,0,6,0,0,0,0,0,0,0,6,0,0,0,0,0,0,0,0,0,0,4,7,0,0,0
Antelope,0,0,0,0,0,0,0,0,0,0,0,0,0,0,0,0,4,0,0,0,0,0,0,0,0,0
Apache,0,0,0,6,0,0,0,0,0,0,0,0,0,0,0,0,0,0,0,0,0,0,3,0,0,1
Appling,0,0,0,0,0,0,0,0,0,0,0,0,0,0,2,0,0,0,0,0,0,0,1,0,0,0
Appomattox,0,0,0,0,0,0,0,0,0,0,0,0,0,0,0,0,0,0,0,0,0,0,1,0,0,0
Arapahoe,0,0,0,0,0,0,0,4,0,0,0,0,0,0,0,0,0,0,0,0,0,0,7,0,0,0
Archer,0,0,0,0,0,0,0,0,0,0,0,0,0,0,0,0,2,0,0,0,0,0,0,0,0,0
Arkansas,0,0,0,0,0,0,0,0,0,0,0,0,0,0,0,0,0,0,0,1,0,0,1,0,0,0
Armstrong,0,0,9,2,0,0,0,0,0,0,4,0,0,0,0,0,0,0,0,0,0,4,0,0,0,0
Aroostook,0,0,1,0,0,0,0,0,0,0,0,0,0,0,0,0,2,0,0,0,0,0,0,0,0,0
Ascension,0,0,0,0,0,0,0,0,0,0,5,0,1,0,0,0,0,0,0,0,0,0,0,0,0,0
Ashland,0,0,2,0,0,0,0,0,0,0,0,0,1,0,0,0,0,0,0,0,0,0,0,0,0,1
Ashley,0,0,0,0,0,0,0,0,0,0,0,0,1,0,0,0,0,0,0,0,0,0,0,0,0,0
Ashtabula,0,0,0,0,0,0,0,5,0,7,0,0,0,0,0,0,0,0,0,0,0,0,0,0,0,0
Atascosa,0,0,0,1,0,0,0,0,0,0,0,0,0,0,0,0,0,0,0,0,0,0,0,0,0,0
Atchison,0,0,0,0,0,0,0,0,0,0,0,0,0,0,0,0,5,0,0,0,0,0,0,0,0,0
Atlantic,1,0,0,0,0,0,0,2,0,0,2,0,0,0,0,0,1,0,0,0,0,0,16,0,0,0
Attala,0,0,0,0,0,0,0,0,0,3,0,0,0,0,0,0,0,0,0,0,0,0,0,0,0,0
Audrain,0,0,0,0,0,0,0,0,0,0,9,0,0,0,0,0,0,0,0,0,0,1,0,0,0,0
Audubon,0,0,0,0,0,0,0,0,0,0,3,0,0,0,0,0,1,0,0,0,0,0,0,0,0,0
Auglaize,1,0,0,0,0,0,0,0,0,0,1,0,0,0,0,0,0,0,0,0,0,2,1,0,0,0
Aurora,0,0,0,0,0,0,0,0,0,0,0,0,0,0,0,0,1,0,0,0,0,0,0,0,0,0
Austin,0,0,0,0,0,0,0,0,0,0,0,0,0,0,0,0,0,0,0,0,0,0,2,0,0,0
Autagua,0,0,0,0,0,0,0,0,0,4,0,0,0,0,0,0,0,0,0,0,0,0,0,0,0,0
Autauga,0,0,4,0,0,0,0,0,0,10,0,0,0,0,0,0,0,0,0,0,0,0,0,0,0,2
Baca,0,0,0,0,0,0,0,0,0,0,0,0,0,0,0,0,0,0,0,0,0,4,1,0,0,0
Bailey,0,0,0,0,0,0,0,0,0,0,0,0,0,0,0,0,1,0,0,0,0,0,0,0,0,0
Baker,0,0,4,0,0,0,0,0,0,0,0,0,0,0,0,0,6,0,0,0,0,0,4,0,0,0
Baldwin,0,0,2,0,0,0,0,0,0,0,0,0,0,0,0,0,0,0,0,0,0,0,0,0,0,0
Baltimore,0,0,0,0,0,0,0,3,0,0,0,0,0,0,0,0,0,0,0,0,0,0,12,0,0,0
BaltimoreCity,0,0,0,0,0,0,0,0,2,0,0,1,3,0,0,0,0,0,0,2,0,4,1,0,0,0
Bamberg,0,0,0,0,0,0,0,0,0,0,0,0,0,0,0,0,0,0,0,0,0,0,1,0,0,0
Bannock,0,0,1,0,0,0,0,2,0,0,0,0,0,0,0,0,0,0,0,0,0,0,0,0,0,0
Baraga,0,0,2,0,0,0,0,0,0,0,0,3,0,0,0,0,0,0,0,0,0,0,0,0,0,1
Barber,0,0,0,0,0,0,0,0,0,0,0,0,0,0,0,0,2,0,0,0,0,0,0,0,0,0
Barbour,1,0,0,0,0,0,0,0,0,0,0,0,0,0,0,0,1,0,0,0,0,0,0,0,0,0
Barnes,0,0,0,0,0,0,0,0,0,0,0,0,0,0,0,0,3,0,0,0,0,0,0,0,0,0
Barnstable,0,0,0,0,0,0,0,0,0,0,1,0,0,0,0,0,6,0,0,0,0,2,9,0,0,0
Barnwell,0,0,0,0,0,0,0,0,0,0,0,0,0,0,0,0,0,0,0,0,0,0,5,0,0,0
Barren,0,0,0,0,0,0,0,1,0,0,0,0,0,0,0,0,0,0,0,0,0,0,0,0,0,0
Barron,0,0,1,0,0,0,0,0,0,0,0,3,0,0,0,0,0,0,0,0,0,12,2,0,0,0
Barrow,0,0,0,0,0,0,0,3,0,0,0,0,0,0,0,0,0,0,0,0,0,0,0,0,0,0
Barton,0,0,0,0,0,0,0,0,0,0,0,3,1,0,0,0,1,0,0,0,0,6,0,0,0,0
Bartow,0,0,3,4,0,0,0,0,0,0,0,0,0,0,0,0,0,0,0,0,0,0,0,0,0,0
Bastrop,0,0,0,0,0,0,0,0,0,6,0,0,3,0,0,0,0,0,0,0,0,0,0,0,0,0
Bates,0,0,0,0,0,0,0,0,0,0,0,0,0,0,0,0,0,0,0,0,0,6,1,0,0,0
Bath,0,0,0,0,0,0,6,0,0,0,0,0,0,0,0,0,0,0,0,0,0,0,0,0,0,0
Baxter,0,0,2,0,0,0,0,0,0,0,0,0,0,0,0,0,0,0,0,0,0,0,0,0,0,0
Bay,0,0,0,4,0,0,0,2,1,3,0,4,2,0,0,0,0,0,0,0,0,1,0,0,0,3
Baylor,0,0,0,0,0,0,0,0,0,0,0,0,0,0,0,0,2,0,0,0,0,0,0,0,0,0
Beadle,0,0,0,0,0,0,0,0,0,0,1,0,0,0,0,0,0,0,0,0,0,0,0,0,0,0
Beaufort,1,0,0,0,0,0,0,0,0,0,1,0,0,0,0,0,0,0,0,0,0,5,15,0,0,0
Beauregard,0,0,0,0,0,0,0,0,0,0,0,0,0,0,0,0,0,0,0,0,0,0,0,0,0,1
Beaver,0,0,7,0,0,5,0,0,0,0,0,0,0,0,2,0,5,0,0,2,0,0,11,0,0,0
Becker,0,0,0,0,0,0,0,0,0,0,0,0,0,0,0,0,0,0,0,0,0,1,0,0,0,0
Bedford,0,0,7,0,0,0,0,0,0,0,0,0,0,0,0,0,0,0,0,0,0,1,1,0,0,1
Belknap,0,0,5,0,0,0,0,0,0,0,0,0,0,0,0,0,0,0,0,0,0,0,0,0,0,0
Bell,0,0,0,0,0,0,0,0,0,6,0,3,0,0,0,0,0,0,0,0,0,0,1,0,0,0
Beltrami,0,0,0,0,0,0,0,0,0,0,1,0,0,0,0,0,0,0,0,0,0,1,0,0,0,0
Benewah,0,0,0,0,0,0,0,0,0,0,0,0,0,0,0,0,0,0,0,0,0,0,0,0,0,1
Bennington,0,0,1,0,0,0,0,0,0,0,0,0,0,0,0,0,2,0,0,0,0,0,2,0,0,0
Bent,0,0,0,0,0,0,0,0,0,0,0,0,0,0,0,0,1,0,0,0,0,5,0,0,0,0
Benton,1,0,14,1,0,0,6,8,0,8,0,5,0,0,1,0,9,0,0,0,0,2,18,0,0,0
Bergen,0,0,0,0,0,0,0,0,0,10,0,4,0,0,0,0,0,0,0,0,0,2,7,0,0,0
Berkeley,0,0,11,5,0,0,0,2,0,0,2,0,0,0,0,0,0,0,0,0,0,0,1,0,0,0
Berks,0,0,0,0,0,0,0,6,0,4,0,0,0,0,0,0,0,0,0,0,0,2,2,0,0,0
Berkshire,0,0,2,0,0,0,2,0,0,4,0,0,1,0,0,0,6,0,0,0,0,4,16,0,0,0
Bernalillo,1,0,0,0,0,0,0,0,0,0,3,2,3,0,0,0,0,0,0,2,0,0,9,0,0,0
Berrien,0,0,26,0,0,0,0,4,0,0,0,0,0,0,2,0,0,0,0,0,0,0,1,0,0,0
Bertie,0,0,0,0,0,0,0,0,0,0,0,0,0,0,0,0,0,0,0,0,0,0,5,0,0,0
Bethel,0,0,0,0,0,0,0,0,0,0,0,0,0,0,0,0,0,0,0,0,0,36,0,0,0,0
Bexar,2,0,0,4,0,0,0,17,0,3,8,0,5,0,0,0,0,0,0,0,0,0,11,0,0,0
Bibb,0,0,0,0,0,0,0,0,0,0,0,0,0,0,0,0,0,0,0,0,0,3,1,0,0,5
BigHorn,0,0,4,1,0,0,0,0,0,0,0,0,0,0,0,0,0,0,0,0,0,0,1,0,0,0
BlackHawk,0,0,0,0,0,0,0,0,0,0,5,0,3,0,0,0,0,0,0,0,0,12,1,0,0,0
Bladen,0,0,0,0,0,0,0,0,0,0,0,0,0,0,0,0,0,0,0,0,0,19,15,0,0,0
Blaine,0,0,4,0,0,0,0,0,0,0,0,0,0,0,0,0,0,0,0,0,0,0,0,0,0,0
Blair,0,0,0,0,0,0,0,0,0,0,1,0,0,0,0,0,3,0,0,0,0,0,0,0,0,0
Bleckley,0,0,0,0,0,0,0,0,0,0,0,0,0,0,0,0,0,0,0,0,0,0,2,0,0,0
Blount,0,0,6,0,0,0,0,0,0,0,0,0,0,0,0,0,0,0,0,0,0,0,0,0,0,0
BlueEarth,0,0,2,1,0,0,0,0,2,3,0,0,1,0,0,0,0,0,0,0,0,5,20,0,0,0
Boise,0,0,2,0,0,0,0,0,0,0,0,0,0,0,0,0,0,0,0,0,0,0,0,0,0,0
BonHomme,0,0,0,0,0,0,0,0,0,0,0,0,0,0,0,0,1,0,0,0,0,0,0,0,0,0
Bonner,0,0,7,0,0,0,0,0,0,0,0,0,0,0,0,0,0,0,0,0,0,0,0,0,0,0
Bonneville,0,0,9,0,0,0,0,0,0,0,0,0,0,0,0,0,4,0,0,0,0,0,0,0,0,0
Boone,0,0,0,1,0,0,0,8,0,0,7,0,6,0,0,0,5,0,0,0,0,15,2,0,0,0
Borden,0,0,0,0,0,0,0,0,0,0,0,0,0,0,0,0,5,0,0,0,0,0,1,0,0,0
Bosque,0,0,2,0,0,0,0,0,0,5,0,0,0,0,0,0,0,0,0,0,0,0,3,0,0,0
Boulder,0,0,4,0,0,0,0,0,0,3,3,0,0,0,0,0,0,0,0,0,0,0,4,0,0,0
Boundary,0,0,7,0,0,0,0,0,0,0,0,0,0,0,0,0,0,0,0,0,0,0,0,0,0,0
Bourbon,0,0,0,0,0,0,0,0,0,0,0,0,0,0,0,0,0,0,0,0,0,7,0,0,0,0
Bowman,0,0,0,0,0,0,0,0,0,0,0,0,0,0,0,0,1,0,0,0,0,0,0,0,0,0
BoxElder,0,0,5,0,0,0,0,0,0,0,0,0,0,0,0,0,0,0,0,0,0,0,0,0,0,0
Bracken,0,0,3,0,0,0,0,0,0,0,0,0,0,0,0,0,0,0,0,0,0,0,0,0,0,0
Bradford,0,0,0,0,0,0,0,1,0,2,0,16,0,0,0,0,0,0,0,0,0,0,0,0,0,0
Branch,0,0,0,0,0,0,0,0,0,0,0,3,0,0,0,0,0,0,0,0,0,0,1,0,0,0
Brazoria,4,0,0,0,0,0,0,0,0,12,10,4,0,0,0,0,0,2,0,0,0,0,1,0,0,0
Brazos,0,0,0,0,0,0,0,0,0,3,3,0,1,0,0,0,0,0,0,0,0,0,0,0,0,0
Bremer,0,0,0,0,0,0,0,0,0,0,0,3,0,0,0,0,4,0,0,0,0,14,0,0,0,0
Brevard,0,0,0,0,0,0,0,6,0,4,9,0,3,0,0,0,0,0,0,0,0,0,2,0,0,0
Brewster,0,0,0,0,0,0,0,0,0,0,0,0,0,0,0,0,0,0,0,0,0,0,1,0,0,0
Briscoe,0,0,0,0,0,0,0,0,0,0,0,0,0,0,0,0,2,0,0,0,0,0,0,0,0,0
Bristol,3,0,0,0,0,0,0,6,0,5,2,0,0,0,0,0,2,0,0,0,0,5,37,0,0,0
BristolBay,0,0,0,0,0,0,0,0,0,0,0,0,0,0,0,0,0,0,0,0,0,12,0,0,0,0
BristolCity,0,0,0,0,0,0,0,12,0,0,0,0,0,0,0,0,0,0,0,0,0,0,0,0,0,0
Broadwater,0,0,1,0,0,0,0,0,0,0,0,0,0,0,0,0,0,0,0,0,0,0,0,0,0,0
Bronx,3,0,0,0,0,0,0,0,0,0,7,8,1,0,0,0,0,0,0,0,0,48,0,0,0,0
Brookings,0,0,0,0,0,0,0,0,0,2,0,0,0,0,0,0,3,0,0,0,0,0,0,0,0,0
Brooks,0,0,0,0,0,0,0,0,0,0,0,0,0,0,0,0,0,0,0,0,0,0,2,0,0,0
Broome,0,0,0,0,0,0,0,1,0,0,1,0,0,0,0,0,0,0,0,0,0,0,3,0,0,0
Broward,0,0,0,0,0,0,0,4,1,4,7,0,0,0,0,0,0,0,0,0,0,0,1,0,0,0
Brown,0,0,0,0,0,0,0,3,0,0,5,0,6,0,0,0,3,0,0,2,0,14,0,0,0,0
Brule,0,0,0,0,0,0,0,0,0,0,0,0,0,0,0,0,3,0,0,0,0,0,0,0,0,0
Brunswick,0,0,0,0,0,0,0,35,0,4,3,0,0,0,2,0,0,0,0,0,0,0,2,0,0,2
Bryan,0,0,0,0,0,0,0,0,0,0,0,0,0,0,0,0,0,0,0,0,0,0,1,0,0,0
Buchanan,0,0,0,0,0,0,0,1,0,0,3,0,4,0,0,0,0,0,0,0,0,3,0,0,0,0
Buckingham,0,0,0,0,0,0,0,0,0,3,0,0,0,0,0,0,0,0,0,0,0,0,1,0,0,0
Bucks,0,0,0,0,0,0,0,3,1,6,0,0,0,0,0,0,0,0,0,0,0,11,1,0,0,0
BuenaVista,0,0,0,0,0,0,0,0,0,0,0,0,0,0,0,0,6,0,0,0,0,3,0,0,0,0
Buffalo,0,0,9,1,0,0,0,0,0,0,0,0,0,0,0,0,0,0,0,0,0,0,1,0,0,0
Bulloch,0,0,0,0,0,0,0,0,0,0,0,0,0,0,0,0,0,0,0,0,0,0,1,0,0,0
Buncombe,1,0,3,0,0,0,0,0,0,4,2,0,0,0,0,0,0,0,0,0,0,0,2,0,0,0
Bureau,0,0,0,0,0,0,0,0,0,0,0,8,0,0,0,0,6,0,0,0,0,0,0,0,0,0
Burke,0,0,3,0,0,0,0,0,0,0,0,0,0,0,2,0,1,0,0,0,0,12,6,0,0,0
Burleigh,0,0,0,0,0,0,0,0,0,0,0,0,0,0,0,0,4,0,0,0,0,0,0,0,0,0
Burlington,0,0,0,0,0,0,0,0,0,0,5,0,0,0,0,0,0,0,0,0,0,0,32,0,0,0
Burnet,0,0,5,0,0,0,0,0,0,0,0,0,0,0,0,0,0,0,0,0,0,0,0,0,0,0
Burnett,0,0,6,0,0,0,0,0,0,0,0,0,0,0,0,0,0,0,0,0,0,8,0,0,0,0
Burt,0,0,0,0,0,0,0,0,0,0,0,0,0,0,0,0,0,0,0,0,0,3,0,0,0,0
Butler,0,0,2,0,0,0,0,0,0,2,21,16,4,0,0,0,1,1,0,0,0,8,1,0,0,0
Butte,1,0,22,0,0,0,6,1,0,0,1,7,0,0,0,0,1,0,0,0,0,0,5,0,0,0
Cabarrus,0,0,0,0,0,0,0,3,0,0,0,0,0,0,0,0,0,0,0,0,0,0,4,0,0,0
Cabell,1,0,0,0,0,0,0,0,0,0,0,0,0,0,0,0,0,0,0,0,0,0,0,0,0,0
Cache,0,0,4,0,0,0,0,0,0,0,4,0,0,0,0,0,0,0,0,0,0,0,0,0,0,0
Caddo,0,0,0,0,0,0,0,0,0,6,7,0,9,0,0,0,3,0,0,0,0,1,3,0,0,0
Calaveras,0,0,9,0,0,0,0,0,0,0,0,0,0,0,0,0,0,0,0,0,0,0,0,0,0,0
Calcasieu,0,0,0,1,0,0,0,0,0,6,7,2,3,0,0,0,0,3,0,1,2,0,0,0,0,0
Caldwell,0,0,3,0,0,0,0,0,0,0,0,0,0,0,0,0,0,0,0,0,0,1,1,0,0,0
Caledonia,0,0,9,0,0,0,0,0,0,0,0,0,0,0,0,0,1,0,0,0,0,0,0,0,0,1
Calhoun,1,0,5,0,0,0,0,4,0,13,11,4,9,0,0,0,0,0,0,0,1,1,7,0,0,0
Callaway,0,0,0,0,0,0,0,0,0,0,1,0,0,0,1,0,0,0,0,0,0,2,0,0,0,0
Calvert,0,0,0,0,0,0,0,0,0,0,6,0,2,0,2,0,0,0,0,0,0,1,0,0,0,0
Cambria,0,0,0,2,0,0,0,0,0,3,0,0,0,0,0,0,4,0,0,0,0,0,0,0,0,0
Camden,0,0,2,0,0,0,0,2,2,2,0,0,0,0,0,0,0,0,0,0,0,12,23,0,0,0
Cameron,0,0,0,0,0,0,0,0,0,2,1,0,0,0,0,0,5,0,0,0,0,5,0,0,0,0
Campbell,0,0,5,6,0,0,0,0,0,0,8,0,0,0,0,0,1,0,0,0,0,0,0,0,0,1
Canadian,0,0,0,0,0,0,0,0,0,0,7,0,0,0,0,0,2,0,0,0,0,3,1,0,0,0
Candler,0,0,0,0,0,0,0,0,0,0,0,0,0,0,0,0,0,0,0,0,0,0,1,0,0,0
Canyon,0,0,1,0,0,0,0,0,0,0,0,0,2,0,0,0,0,0,0,0,0,0,0,0,0,0
CapeGirardeau,0,0,0,0,0,0,0,0,0,0,0,0,0,0,0,0,0,0,0,0,0,10,0,0,0,0
CapeMay,0,0,0,0,0,0,0,1,0,0,0,0,0,0,0,0,0,0,0,0,0,0,2,0,0,0
Carbon,0,0,7,2,0,0,0,0,0,0,0,3,0,0,0,0,8,2,0,0,0,1,2,0,0,0
Caribou,0,0,8,0,0,0,0,0,0,0,0,0,0,0,0,0,0,0,0,0,0,0,0,0,0,0
Carlton,0,0,17,0,0,0,0,0,0,0,0,1,0,0,0,0,0,0,0,0,0,4,0,0,0,3
Caroline,0,0,0,0,0,0,0,0,0,0,5,0,0,0,0,0,0,0,0,0,0,0,0,0,0,0
Carroll,0,0,12,4,0,0,0,0,0,3,0,5,0,0,0,0,3,0,0,0,0,11,0,0,0,1
Carson,0,0,0,0,0,0,0,0,0,0,0,0,0,0,0,0,9,0,0,0,0,0,0,0,0,0
CarsonCity,0,0,0,0,0,0,0,0,0,0,0,0,0,0,0,0,0,0,0,0,0,3,0,0,0,0
Carter,0,0,6,0,0,0,0,0,0,0,0,0,0,0,0,0,0,0,0,0,0,0,0,0,0,0
Carver,0,0,0,0,0,0,0,0,0,0,1,0,0,0,0,0,0,0,0,0,0,1,24,0,0,0
Cascade,0,0,18,0,0,0,0,0,0,0,0,0,0,0,0,0,1,0,0,0,0,0,1,0,0,0
Cass,0,0,5,0,0,0,0,4,0,3,7,0,0,0,0,0,4,0,0,0,0,6,0,0,0,2
Cassia,0,0,3,0,0,1,0,2,0,0,0,0,0,0,0,0,3,0,0,0,0,0,0,0,0,0
Castro,0,0,0,0,0,0,0,0,0,0,0,0,0,0,0,0,1,0,0,0,0,0,0,0,0,0
Caswell,0,0,0,0,0,0,0,0,0,0,0,0,0,0,0,0,0,0,0,0,0,0,4,0,0,0
Catawba,0,0,2,4,0,0,0,5,0,0,0,0,0,0,0,0,0,0,0,0,0,1,12,0,0,0
Cattaraugus,0,0,0,0,0,0,0,0,0,2,0,0,0,0,0,0,0,0,0,0,0,0,3,0,0,0
Cavalier,0,0,0,0,0,0,0,0,0,0,0,0,0,0,0,0,3,0,0,0,0,0,0,0,0,0
Cayuga,0,0,1,0,0,0,0,2,0,0,0,0,0,0,0,0,0,0,0,0,0,0,2,0,0,0
Cecil,0,0,0,0,0,0,0,0,0,3,4,0,0,0,0,0,0,0,0,0,0,0,4,0,0,0
Cedar,0,0,4,0,0,0,0,0,0,0,0,5,0,0,0,0,1,0,0,0,0,5,1,0,0,0
Centre,0,0,0,0,0,0,0,0,0,0,1,0,2,0,0,0,0,0,0,0,0,0,1,0,0,0
CerroGordo,0,0,0,0,0,0,0,0,0,3,0,0,0,0,0,0,3,0,0,0,0,2,0,0,0,0
Chaffee,0,0,1,0,0,0,0,0,0,0,0,0,0,0,0,0,0,0,0,0,0,0,3,0,0,0
Chambers,0,0,0,0,0,0,0,0,0,7,7,0,2,0,0,0,0,0,0,0,0,0,1,0,0,0
Champaign,1,0,0,0,0,0,0,0,0,0,2,1,9,0,0,0,1,0,0,0,0,8,4,0,0,0
Chariton,0,0,0,0,0,0,0,0,0,0,0,0,0,0,0,0,0,0,0,0,0,4,0,0,0,0
Charles,0,0,0,2,0,0,0,0,0,3,0,0,0,0,0,0,0,0,0,0,0,6,2,0,0,0
CharlesCity,0,0,0,0,0,0,0,48,0,0,0,0,0,0,0,0,0,0,0,0,0,0,0,0,0,0
CharlesMix,0,0,8,0,0,0,0,0,0,0,0,0,0,0,0,0,0,0,0,0,0,0,0,0,0,0
Charleston,0,0,0,0,0,0,0,0,0,0,3,0,0,0,0,0,0,0,0,0,0,0,0,0,0,1
Charlevoix,0,0,0,0,0,0,0,0,0,0,0,0,0,0,0,0,0,0,0,0,0,3,0,0,0,0
Charlotte,1,0,0,0,0,0,0,2,0,0,0,0,0,0,0,0,0,0,0,0,0,0,3,0,0,0
Charlton,0,0,0,0,0,0,0,0,0,0,0,0,0,0,0,0,0,0,0,0,0,0,1,0,0,0
Chatham,0,0,4,0,0,0,0,8,0,0,0,0,5,0,0,0,0,0,0,0,0,1,10,0,0,3
Chattahoochee,0,0,0,0,0,0,0,0,0,0,0,0,0,0,0,0,0,0,0,0,0,0,1,0,0,0
Chautauqua,0,0,0,4,0,0,0,6,0,0,1,0,2,0,0,0,1,0,0,0,0,0,1,0,0,0
Chaves,0,0,0,0,0,0,0,0,0,0,0,0,0,0,0,0,2,0,0,0,0,0,4,0,0,0
Cheboygan,0,0,5,0,0,0,0,0,0,0,0,0,0,0,0,0,1,0,0,0,0,1,0,0,0,0
Chelan,0,0,32,0,0,0,0,0,0,0,0,0,0,0,0,0,0,0,0,0,0,0,0,0,0,0
Chemung,0,0,0,0,0,0,0,0,0,0,0,0,0,0,0,0,0,0,0,0,0,0,6,0,0,0
Cherokee,0,0,17,0,0,0,1,0,0,4,15,0,2,0,0,0,1,0,0,0,0,5,4,0,0,0
Cherry,0,0,0,0,0,0,0,0,0,0,0,0,0,0,0,0,1,0,0,0,0,0,0,0,0,0
ChesapeakeCity,0,0,0,0,0,0,0,0,0,0,3,0,0,0,0,0,0,0,0,0,0,4,3,0,0,0
Chester,0,0,12,0,0,0,0,2,0,0,0,0,0,0,0,0,0,0,0,0,0,3,4,0,0,0
Chesterfield,0,0,1,2,0,0,0,48,0,4,0,0,1,0,0,0,0,0,0,0,0,0,2,0,0,0
Cheyenne,0,0,0,0,0,0,0,0,0,0,0,2,0,0,0,0,1,0,0,0,0,6,0,0,0,0
Chickasaw,0,0,0,0,0,0,0,1,0,0,0,3,0,0,0,0,0,0,0,0,0,2,1,0,0,0
Chicot,0,0,0,0,0,0,0,0,0,0,0,0,0,0,0,0,0,0,0,0,0,0,1,0,0,0
Childress,0,0,0,0,0,0,0,0,0,0,0,0,0,0,0,0,0,0,0,0,0,0,1,0,0,0
Chilton,0,0,6,0,0,0,0,0,0,0,0,0,0,0,0,0,0,0,0,0,0,0,0,0,0,0
Chippewa,0,0,103,0,0,0,0,0,0,0,6,0,0,0,0,0,1,0,0,0,0,7,16,0,0,0
Chisago,0,0,0,0,0,0,0,0,0,0,0,0,0,0,0,0,0,0,0,0,0,5,49,0,0,0
Chittenden,3,0,13,0,0,0,0,0,0,0,0,0,0,0,0,0,1,0,0,0,0,6,11,0,0,1
Choctaw,0,0,0,2,0,0,0,0,0,7,0,0,0,0,0,0,0,0,0,0,0,0,0,0,0,2
Chowan,0,0,0,0,0,0,0,0,0,0,0,0,0,0,0,0,0,0,0,0,0,2,3,0,0,0
Christian,0,0,0,2,0,0,0,4,0,0,0,0,0,0,0,0,0,0,0,0,0,0,1,0,0,0
Churchill,0,0,4,0,0,18,0,0,0,0,0,0,0,0,0,0,0,0,0,0,0,0,4,0,0,0
Cibola,0,0,0,0,0,0,0,0,0,0,0,0,0,0,0,0,0,0,0,0,0,0,3,0,0,0
Citrus,0,0,0,2,0,0,0,0,0,6,0,0,0,0,0,0,0,0,0,0,0,0,0,0,0,0
Clackamas,0,0,26,0,0,0,0,0,0,0,0,0,0,0,0,0,0,0,0,0,0,0,15,0,0,0
Claiborne,0,0,0,0,0,0,0,0,0,0,0,0,0,0,1,0,0,0,0,0,0,0,0,0,0,0
Clallam,0,0,0,0,0,0,0,0,0,0,0,0,0,0,0,0,0,0,0,0,0,0,0,0,0,1
Clare,0,0,0,0,0,0,0,1,0,0,0,0,0,0,0,0,0,0,0,0,0,0,0,0,0,0
Clarendon,0,0,0,0,0,0,0,0,0,0,0,0,0,0,0,0,0,0,0,0,0,0,4,0,0,0
Clarion,0,0,3,0,0,0,0,0,0,0,0,0,0,0,0,0,0,0,0,0,0,0,0,0,0,0
Clark,1,0,11,0,0,0,1,2,0,47,29,5,0,0,0,0,4,0,0,0,0,21,60,0,1,0
Clarke,0,0,2,0,0,0,0,1,0,0,0,0,0,0,0,0,0,0,0,0,0,6,1,0,0,1
Clatsop,0,0,0,0,0,0,0,0,0,0,1,0,0,0,0,0,0,0,0,0,0,0,0,0,0,1
Clay,0,0,11,2,0,0,0,0,0,0,5,6,3,0,0,0,6,0,0,0,0,23,7,0,0,0
Clayton,0,0,0,0,0,0,0,0,0,0,0,0,0,0,0,0,0,0,0,0,0,4,1,0,0,0
ClearCreek,0,0,2,0,0,0,2,0,0,0,0,0,0,0,0,0,0,0,0,0,0,0,0,0,0,0
Clearfield,0,0,0,0,0,0,0,0,0,0,0,0,4,0,0,0,0,0,0,0,0,3,0,0,0,0
Clearwater,0,0,6,0,0,0,0,0,0,0,0,0,0,0,0,0,0,0,0,0,0,0,0,0,0,0
Cleburne,0,0,2,0,0,0,0,0,0,0,0,0,0,0,0,0,0,0,0,0,0,0,0,0,0,0
Clermont,2,0,0,1,0,0,0,0,0,0,0,0,0,0,0,0,0,0,0,0,0,0,0,0,0,0
Cleveland,0,0,0,2,0,0,0,0,0,2,4,0,4,0,0,0,0,0,0,0,0,6,21,0,0,0
Clinton,1,0,21,2,0,0,0,15,0,3,0,0,0,0,0,0,4,0,0,0,0,12,8,0,0,0
Cloud,0,0,0,0,0,0,0,0,0,0,0,0,0,0,0,0,2,0,0,0,0,0,0,0,0,0
Coahoma,0,0,0,0,0,0,0,0,0,4,4,0,0,0,0,0,0,0,0,0,0,0,0,0,0,0
Cobb,1,0,0,0,0,0,0,0,0,9,2,0,0,0,0,0,0,0,0,0,0,1,1,0,0,0
Cochise,0,0,0,1,0,0,0,0,0,0,4,0,2,0,0,0,1,0,0,0,0,1,6,0,0,0
Cochran,0,0,0,0,0,0,0,0,0,0,0,0,0,0,0,0,1,0,0,0,0,0,0,0,0,0
Coconino,0,0,8,0,0,0,0,0,0,0,0,0,0,0,0,0,1,0,0,0,0,2,0,0,0,0
Codington,0,0,0,0,0,0,0,0,0,0,0,0,0,0,0,0,2,0,0,0,0,1,0,0,0,0
Coffey,0,0,0,0,0,0,0,0,0,0,0,2,0,0,1,0,1,0,0,0,0,14,0,0,0,0
Coke,0,0,0,0,0,0,0,0,0,0,0,4,0,0,0,0,0,0,0,0,0,0,0,0,0,0
Colbert,0,0,0,0,0,0,0,0,0,0,8,0,0,0,0,0,0,0,0,0,0,0,0,0,0,0
Cole,0,0,0,0,0,0,0,3,0,0,0,0,0,0,0,0,0,0,0,0,0,2,0,0,0,0
Colfax,0,0,0,0,0,0,0,0,0,0,0,0,0,0,0,0,0,0,0,0,0,0,3,0,0,0
Colleton,0,0,0,0,0,0,0,0,0,0,0,0,0,0,0,0,0,0,0,0,0,0,1,0,0,0
Collier,0,0,0,0,0,0,0,5,0,0,0,0,0,0,0,0,0,0,0,0,0,0,0,0,0,0
Collin,0,0,0,0,0,0,0,0,0,0,1,0,3,0,0,0,0,0,0,0,0,1,1,0,0,0
Colorado,0,0,0,0,0,0,0,0,0,0,0,6,0,0,0,0,0,0,0,0,0,0,0,0,0,0
Colquitt,0,0,0,0,0,0,0,0,0,0,0,0,0,0,0,0,0,0,0,0,0,0,2,0,0,0
Columbia,0,0,20,2,0,0,0,0,0,9,1,12,0,0,0,0,6,0,0,0,0,0,4,0,0,0
Columbus,0,0,0,0,0,0,0,0,0,0,0,0,0,0,0,0,0,0,0,0,0,0,13,0,0,2
Colusa,0,0,0,0,0,0,0,0,0,3,0,0,0,0,0,0,0,0,0,1,0,0,0,0,0,0
Comal,0,0,2,0,0,0,0,2,0,0,0,0,0,0,0,0,0,0,0,0,0,0,0,0,0,0
Comanche,0,0,0,0,0,0,0,0,0,3,0,0,0,0,0,0,3,0,0,0,0,1,0,0,0,0
Concho,0,0,0,0,0,0,0,0,0,0,0,0,0,0,0,0,1,0,0,0,0,0,0,0,0,0
Concordia,0,0,8,0,0,0,0,0,0,0,0,0,0,0,0,0,0,0,0,0,0,0,0,0,0,0
Conejos,0,0,0,0,0,0,0,0,0,0,0,0,0,0,0,0,0,0,0,0,0,0,2,0,0,0
ContraCosta,0,0,0,0,0,0,0,5,0,19,6,0,0,0,0,0,2,4,1,0,1,0,7,0,0,0
Converse,0,0,0,4,0,0,0,0,0,0,0,0,0,0,0,0,9,0,0,0,0,0,0,0,0,0
Conway,0,0,3,0,0,0,0,0,0,0,0,0,0,0,0,0,0,0,0,0,0,0,0,0,0,0
Cook,0,0,0,4,0,0,0,3,0,0,21,34,3,0,0,0,0,0,0,0,0,19,3,0,0,0
Cooke,0,0,0,0,0,0,0,0,0,0,0,0,0,0,0,0,2,0,0,0,0,0,2,0,0,0
Coos,0,0,30,0,0,0,0,0,0,0,0,0,0,0,0,0,2,0,0,0,0,1,0,0,0,2
Coosa,0,0,4,0,0,0,0,0,0,0,0,0,0,0,0,0,0,0,0,0,0,0,0,0,0,0
Cottonwood,0,0,0,0,0,0,0,0,0,0,0,0,0,0,0,0,5,0,0,0,0,10,0,0,0,0
Covington,0,0,5,0,0,0,0,0,0,7,0,0,0,0,0,0,0,0,0,0,0,0,0,0,0,0
CovingtonCity,0,0,0,2,0,0,0,0,0,0,0,0,0,0,0,0,0,0,0,0,0,0,0,0,0,2
Coweta,0,0,0,0,0,0,0,0,0,0,0,0,2,0,0,0,0,0,0,0,0,0,0,0,0,0
Cowley,0,0,0,0,0,0,0,0,0,0,1,0,1,0,0,0,0,0,0,0,0,2,0,0,0,0
Cowlitz,0,0,8,0,0,0,0,0,0,2,0,0,0,0,0,0,0,0,0,0,0,0,0,0,0,6
Craighead,0,0,0,0,0,0,0,0,0,0,5,0,0,0,0,0,0,0,0,0,0,0,0,0,0,0
Crane,0,0,0,0,0,0,0,0,0,0,0,0,0,0,0,0,0,0,0,0,0,0,1,0,0,0
Craven,0,0,0,0,0,0,0,18,0,0,0,0,0,0,0,0,0,0,0,0,0,0,6,0,0,2
Crawford,0,0,4,0,0,0,0,2,0,0,2,4,0,0,0,0,1,0,0,0,0,4,0,0,0,1
Crockett,0,0,0,0,0,0,0,0,0,0,0,0,0,0,0,0,1,0,0,0,0,0,0,0,0,0
Crook,0,0,0,0,0,0,0,0,0,0,0,0,0,0,0,0,0,0,0,0,0,0,1,0,0,0
Crosby,0,0,0,0,0,0,0,0,0,0,0,0,0,0,0,0,4,0,0,0,0,0,0,0,0,0
CrowWing,0,0,5,0,0,0,0,0,0,0,0,0,0,0,0,0,0,0,0,0,0,0,0,0,0,0
Culpeper,0,0,0,0,0,0,0,0,0,0,0,0,0,0,0,0,0,0,0,0,0,4,0,0,0,0
Cumberland,1,0,21,0,0,0,0,7,1,10,9,0,0,0,0,0,0,0,0,0,0,14,36,0,0,2
Cuming,0,0,0,0,0,0,0,0,0,0,0,3,0,0,0,0,1,0,0,0,0,3,0,0,0,0
Currituck,0,0,0,0,0,0,0,0,0,0,0,0,0,0,0,0,0,0,0,0,0,0,4,0,0,0
Curry,0,0,0,0,0,0,0,0,0,0,0,0,0,0,0,0,8,0,0,0,0,0,0,0,0,0
Custer,0,0,0,0,0,0,0,0,0,0,1,5,0,0,0,0,4,0,0,0,0,10,0,0,0,0
Cuyahoga,0,0,0,0,0,0,0,0,0,0,2,0,2,0,0,0,2,5,0,1,0,7,2,0,0,0
Daggett,0,0,3,0,0,0,0,0,0,0,0,0,0,0,0,0,0,0,0,0,0,0,0,0,0,0
Dakota,0,0,5,0,0,0,0,3,0,2,7,0,0,0,0,0,1,0,0,0,0,22,50,0,0,0
Dale,0,0,0,0,0,0,0,0,0,0,0,0,0,0,0,0,0,0,0,0,0,0,1,0,0,0
Dallas,0,0,0,0,0,0,0,3,0,2,0,0,6,0,0,0,0,0,0,0,0,6,1,0,0,1
Dane,0,0,0,0,0,0,0,0,0,3,8,0,3,0,0,0,1,0,0,2,0,22,3,0,0,0
DanvilleCity,0,0,0,0,0,0,0,0,0,0,0,0,0,0,0,0,0,0,0,0,0,1,0,0,0,0
Dare,0,0,0,0,0,0,0,0,0,0,0,0,0,0,0,0,0,0,0,0,0,5,0,0,0,0
Darke,0,0,0,0,0,0,0,0,0,0,4,0,0,0,0,0,3,0,0,0,0,6,1,0,0,0
Darlington,0,0,0,0,0,0,0,0,0,0,0,0,1,0,1,0,0,0,0,0,0,2,3,0,0,2
Dauphin,0,0,0,0,0,0,0,0,1,0,1,2,0,0,0,0,0,0,0,0,0,3,0,0,0,0
Davidson,0,0,4,0,0,0,0,1,0,0,4,0,0,0,0,0,0,0,0,0,0,7,1,0,0,0
Davie,0,0,0,0,0,0,0,0,0,0,0,0,0,0,0,0,0,0,0,0,0,0,4,0,0,0
Daviess,0,0,0,0,0,0,0,0,0,0,0,0,0,0,0,0,0,0,0,0,0,4,1,0,0,0
Davis,0,0,0,0,0,0,0,3,0,0,3,7,0,0,0,0,0,0,0,0,0,2,2,0,0,0
Dawson,0,0,0,0,0,0,0,0,0,0,2,0,0,0,0,0,1,0,0,0,0,0,3,0,0,0
Day,0,0,0,0,0,0,0,0,0,0,0,0,0,0,0,0,1,0,0,0,0,0,0,0,0,0
DeafSmith,0,0,0,0,0,0,0,0,0,0,0,0,0,0,0,0,3,0,0,0,0,0,0,0,0,0
Dearborn,0,0,0,0,0,0,0,0,0,6,0,0,0,0,0,0,0,0,0,0,0,0,0,0,0,0
Decatur,0,0,0,0,0,0,0,0,0,0,0,0,0,0,0,0,0,0,0,0,0,15,4,0,0,0
DeerLodge,0,0,0,0,0,0,0,0,0,0,3,0,0,0,0,0,0,0,0,0,0,0,0,0,0,0
Defiance,0,0,6,0,0,0,0,0,0,0,5,0,0,0,0,0,0,0,0,0,0,1,0,0,0,0
DeKalb,1,0,3,0,0,0,0,3,0,0,0,0,0,0,0,0,3,0,0,0,0,5,3,0,0,0
Delaware,1,0,2,0,0,0,0,0,1,11,0,0,2,0,0,0,1,0,0,0,0,7,0,0,0,0
Delta,0,0,0,0,0,0,0,0,0,0,0,0,0,0,0,0,1,0,0,0,0,1,0,0,0,3
Denali,0,0,0,2,0,0,0,0,0,0,0,0,0,0,0,0,1,0,0,0,0,1,0,0,0,0
Denton,0,0,1,0,0,0,0,9,0,0,0,12,2,0,0,0,0,0,0,0,0,0,1,0,0,0
Denver,0,0,1,0,0,0,0,0,0,3,0,0,0,0,0,0,0,0,0,6,0,0,6,0,0,0
Deschutes,0,0,6,0,0,0,0,0,0,0,0,0,0,0,0,0,0,0,0,0,0,0,4,0,0,0
Desha,0,0,3,0,0,0,0,0,0,0,0,0,0,0,0,0,0,0,0,0,0,0,0,0,0,1
DesMoines,0,0,0,1,0,0,0,0,0,0,4,0,0,0,0,0,0,0,0,0,0,0,0,0,0,0
DeSoto,1,0,0,1,0,0,0,0,0,6,1,0,0,0,0,0,0,0,0,0,0,0,4,0,0,3
Deuel,0,0,0,0,0,0,0,0,0,0,0,0,0,0,0,0,0,0,0,0,0,1,0,0,0,0
Dewey,0,0,0,0,0,0,0,0,0,0,0,0,0,0,0,0,5,0,0,0,0,0,0,0,0,0
DeWitt,0,0,0,0,0,0,0,2,0,0,0,2,0,0,1,0,1,0,0,0,0,4,0,0,0,0
Dickens,0,0,0,0,0,0,0,0,0,0,0,0,0,0,0,0,1,0,0,0,0,0,0,0,0,0
Dickey,0,0,0,0,0,0,0,0,0,0,0,0,0,0,0,0,2,0,0,0,0,0,0,0,0,0
Dickinson,0,0,11,0,0,0,0,0,0,0,0,0,0,0,0,0,3,0,0,0,0,8,0,0,0,2
Dickson,0,0,3,0,0,0,0,0,0,0,0,0,0,0,0,0,0,0,0,0,0,0,0,0,0,0
Dillingham,0,0,0,0,0,0,0,0,0,0,0,0,0,0,0,0,0,0,0,0,0,16,0,0,0,0
Dillon,0,0,0,0,0,0,0,0,0,0,0,0,0,0,0,0,0,0,0,0,0,0,1,0,0,0
Dinwiddie,0,0,0,0,0,0,0,0,0,0,0,0,0,0,0,0,0,0,0,0,0,34,0,0,0,0
DistrictofColumbia,0,0,0,0,0,0,0,0,0,0,4,0,0,0,0,0,0,0,0,3,0,0,4,0,0,0
Dixon,0,0,0,0,0,0,0,0,0,0,0,2,0,0,0,0,1,0,0,0,0,5,0,0,0,0
Dodge,0,0,0,3,0,0,0,0,0,0,1,0,2,0,0,0,7,0,0,0,0,4,21,0,0,0
DonaAna,0,0,0,0,0,0,0,2,0,2,2,0,3,0,0,0,0,0,0,0,0,0,6,0,0,0
Donley,0,0,0,0,0,0,0,0,0,0,0,0,0,0,0,0,1,0,0,0,0,0,0,0,0,0
Door,0,0,0,0,0,0,0,0,0,0,0,0,0,0,0,0,0,0,0,0,0,7,0,0,0,0
Dorchester,0,0,0,0,0,0,0,0,0,0,0,0,0,0,0,0,0,0,0,0,0,2,2,0,0,1
Dougherty,0,0,3,0,0,0,0,0,0,0,0,0,0,0,0,0,0,0,0,1,0,0,2,0,0,1
Douglas,0,0,62,4,0,0,0,9,0,0,0,2,4,0,0,0,1,0,0,3,0,20,4,0,0,8
Dubois,0,0,0,0,0,0,0,0,0,0,0,0,0,0,0,0,0,0,0,0,0,0,1,0,0,0
Dubuque,0,0,0,0,0,0,0,0,0,0,0,0,0,0,0,0,0,0,0,0,0,17,1,0,0,0
Duchesne,0,0,2,0,0,0,0,0,0,0,0,0,0,0,0,0,0,0,0,0,0,0,0,0,0,0
Dukes,0,0,0,0,0,0,0,0,0,0,0,0,0,0,0,0,0,0,0,0,0,5,3,0,0,0
Dunklin,0,0,0,0,0,0,0,0,0,2,0,5,0,0,0,0,0,0,0,0,0,7,0,0,0,0
Dunn,0,0,5,0,0,0,0,0,0,0,0,0,0,0,0,0,0,0,0,0,0,0,1,0,0,0
DuPage,1,0,0,0,0,0,0,2,0,2,12,1,0,0,0,0,0,0,0,0,0,0,0,0,0,0
Duplin,0,0,0,0,0,0,0,0,0,0,0,0,0,0,0,0,0,0,0,0,0,2,40,0,0,0
Durham,0,0,0,0,0,0,0,2,0,0,0,0,0,0,0,0,0,0,0,0,0,0,4,0,0,0
Dutchess,0,0,2,0,0,0,0,0,1,6,0,0,0,0,0,0,0,0,0,0,0,10,6,0,0,0
Duval,1,0,0,2,0,0,0,6,0,3,9,0,2,0,0,0,0,0,0,0,0,4,6,0,0,0
Eagle,0,0,1,0,0,0,0,0,0,0,2,0,0,0,0,0,0,0,0,0,0,2,0,0,0,1
Early,0,0,0,0,0,0,0,0,0,0,0,0,0,0,0,0,0,0,0,0,0,0,2,0,0,2
EastBatonRouge,0,0,0,0,0,0,0,0,0,0,4,0,6,0,0,0,0,5,0,0,0,0,0,0,0,0
Eaton,0,0,0,1,0,0,0,0,0,0,0,0,0,0,0,0,0,0,0,0,0,0,2,0,0,0
EauClaire,0,0,5,0,0,0,0,0,0,0,0,0,0,0,0,0,0,0,0,0,0,0,0,0,0,0
Ector,2,0,0,0,0,0,0,0,0,12,2,0,0,0,0,0,2,0,0,0,0,0,3,0,0,0
Eddy,0,0,0,0,0,0,0,0,0,0,0,0,0,0,0,0,0,0,0,0,0,0,1,0,0,0
Edgecombe,0,0,0,0,0,0,0,0,0,0,0,0,0,0,0,0,0,0,0,0,0,0,8,0,0,0
Effingham,0,0,0,0,0,0,0,0,0,9,10,0,0,0,0,0,0,0,0,0,2,4,2,0,0,0
Elbert,0,0,4,0,0,0,4,0,0,0,0,0,0,0,0,0,1,0,0,0,0,0,0,0,0,0
ElDorado,0,0,17,0,0,0,0,0,0,0,0,2,0,0,0,0,0,0,0,0,0,0,3,0,0,0
Elk,0,0,0,0,0,0,0,0,0,0,0,0,0,0,0,0,1,0,0,0,0,0,0,0,0,1
Elkhart,0,0,3,0,0,0,0,6,0,0,0,0,0,0,0,0,0,0,0,3,0,0,1,0,0,0
Elko,0,0,0,0,0,2,0,0,0,0,0,0,0,0,0,0,0,0,0,0,0,0,0,0,0,0
Ellis,0,0,0,0,0,0,0,0,0,8,0,12,0,0,0,0,4,0,0,0,0,0,0,0,0,0
Ellsworth,0,0,0,0,0,0,0,0,0,0,0,0,0,0,0,0,1,0,0,0,0,0,0,0,0,0
Elmore,0,0,20,0,0,0,0,0,0,0,4,0,0,0,0,0,10,0,0,0,0,0,4,0,0,0
ElPaso,1,0,5,2,0,0,0,0,0,9,18,1,7,0,0,0,1,0,0,0,0,1,9,0,0,0
Emanuel,0,0,0,0,0,0,0,0,0,0,0,0,0,0,0,0,0,0,0,0,0,0,1,0,0,0
Emery,0,0,0,5,0,0,0,0,0,0,0,0,0,0,0,0,0,0,0,0,0,0,0,0,0,0
Emmet,0,0,0,0,0,0,0,0,0,0,0,4,0,0,0,0,1,0,0,0,0,1,0,0,0,0
Emmons,0,0,0,0,0,0,0,0,0,0,0,0,0,0,0,0,1,0,0,0,0,0,0,0,0,0
Erath,0,0,0,0,0,0,0,0,0,0,0,0,0,0,0,0,2,0,0,0,0,0,0,0,0,0
Erie,0,0,0,0,0,0,0,12,0,2,0,0,0,0,0,0,3,0,0,0,0,0,6,0,0,0
Escambia,0,0,0,4,0,0,0,2,0,0,1,11,5,0,0,0,0,0,0,0,0,0,1,0,0,3
Essex,3,0,9,0,0,0,0,0,5,10,8,12,4,0,0,0,3,0,0,0,0,7,22,0,0,0
Estill,0,0,0,0,0,0,0,1,0,0,0,0,0,0,0,0,0,0,0,0,0,0,0,0,0,0
Etowah,0,0,0,0,0,0,0,0,0,0,0,0,2,0,0,0,0,0,0,0,0,0,0,0,0,0
Eureka,0,0,0,1,0,0,0,0,0,0,0,0,0,0,0,0,0,0,0,0,0,0,0,0,0,0
Evangeline,0,0,0,0,0,0,0,0,0,5,0,0,0,0,0,0,0,0,0,0,0,0,0,0,0,0
FairbanksNorthStar,1,0,0,16,0,0,0,0,0,0,0,0,0,0,0,0,0,0,0,0,0,13,0,0,0,0
Fairfax,0,0,0,0,0,0,0,4,2,0,0,0,0,0,0,0,0,0,0,0,0,0,0,0,0,0
Fairfield,0,0,14,1,0,0,8,0,1,5,7,1,0,0,1,0,0,0,5,0,0,20,2,0,0,0
Fallon,0,0,0,0,0,0,0,0,0,0,0,0,0,0,0,0,1,0,0,0,0,0,0,0,0,0
Fannin,0,0,2,0,0,0,0,0,0,0,0,0,0,0,0,0,0,0,0,0,0,0,1,0,0,0
Faribault,0,0,0,0,0,0,0,0,0,0,0,0,0,0,0,0,3,0,0,0,0,12,1,0,0,0
Faulk,0,0,0,0,0,0,0,0,0,0,0,0,0,0,0,0,0,0,0,0,0,1,0,0,0,0
Fauquier,0,0,0,0,0,0,0,0,0,0,7,0,0,0,0,0,0,0,0,0,0,0,1,0,0,0
Fayette,0,0,16,3,0,0,0,0,0,3,9,0,0,0,0,0,1,0,0,0,0,0,2,0,0,0
Fillmore,0,0,1,0,0,0,0,0,0,0,0,2,0,0,0,0,3,0,0,0,0,6,0,0,0,0
Finney,0,0,0,1,0,0,0,0,0,0,3,3,2,0,0,0,0,0,0,0,0,0,0,0,0,0
Fisher,1,0,0,0,0,0,0,0,0,0,0,0,0,0,0,0,2,0,0,0,0,0,0,0,0,0
Flathead,0,0,7,0,0,0,0,1,0,0,0,0,0,0,0,0,0,0,0,0,0,0,0,0,0,1
Florence,0,0,7,0,0,0,0,0,0,0,0,0,0,0,0,0,0,0,0,0,0,0,7,0,0,3
Floyd,0,0,0,2,0,0,3,0,0,0,2,0,0,0,0,0,6,0,0,0,0,3,0,0,0,4
Fluvanna,0,0,0,0,0,0,0,0,0,4,0,0,0,0,0,0,0,0,0,0,0,0,1,0,0,0
Foard,0,0,0,0,0,0,0,0,0,0,0,0,0,0,0,0,1,0,0,0,0,0,0,0,0,0
FondDuLac,0,0,0,0,0,0,0,0,0,0,4,0,0,0,0,0,2,0,0,0,0,0,0,0,0,0
Ford,0,0,0,0,0,0,0,0,0,0,2,0,1,0,0,0,7,0,0,0,0,0,0,0,0,0
Forrest,0,0,0,0,0,0,0,0,0,0,0,0,0,0,0,0,0,0,0,0,0,0,1,0,0,0
Forsyth,0,0,3,0,0,0,0,4,0,0,0,0,0,0,0,0,0,0,0,0,0,0,2,0,0,2
FortBend,0,0,0,4,0,0,0,0,0,3,2,3,4,0,0,0,0,0,0,0,0,0,1,0,0,0
Franklin,0,0,74,4,0,0,4,54,0,2,6,15,1,0,0,0,9,0,0,0,0,9,36,0,0,5
Frederick,0,0,0,0,0,0,0,2,0,0,1,0,0,0,0,0,0,0,0,0,0,0,6,0,0,0
Freeborn,0,0,0,0,0,0,0,0,0,0,0,0,0,0,0,0,2,0,0,0,0,0,3,0,0,0
Freestone,0,0,0,0,0,0,0,0,0,6,0,0,0,0,0,0,0,0,0,0,0,0,0,0,0,0
Fremont,0,0,14,0,0,0,0,0,0,0,2,5,0,0,0,0,0,0,0,0,0,0,1,0,0,0
Fresno,3,0,34,0,0,0,4,0,0,6,22,0,0,0,0,0,0,0,0,0,0,3,56,0,0,2
Frio,0,0,0,0,0,0,0,0,0,0,0,24,0,0,0,0,0,0,0,0,0,0,0,0,0,0
Frontier,0,0,0,0,0,0,0,0,0,0,0,3,0,0,0,0,0,0,0,0,0,0,0,0,0,0
Fulton,1,0,13,0,0,0,0,2,0,0,0,5,0,0,0,0,0,0,1,0,0,35,13,0,0,2
Furnas,0,0,0,0,0,0,0,0,0,0,0,6,0,0,0,0,0,0,0,0,0,4,0,0,0,0
Gadsden,0,0,3,0,0,0,0,0,0,0,0,0,0,0,0,0,0,0,0,0,0,0,0,0,0,0
Gage,0,0,0,0,0,0,0,0,0,3,0,0,0,0,0,0,0,0,0,0,0,0,0,0,0,0
Gallia,0,0,0,7,0,0,0,0,0,0,0,0,0,0,0,0,0,0,0,0,0,0,0,0,0,0
Galveston,2,0,0,0,0,0,0,0,0,12,6,1,0,0,0,0,0,0,0,0,0,0,0,0,0,0
Garfield,0,0,5,0,0,0,0,0,0,4,0,0,0,0,0,0,7,0,0,0,0,4,6,0,0,0
Garland,0,0,4,0,0,0,0,0,0,0,0,0,0,0,0,0,0,0,0,0,0,0,0,0,0,0
Garrett,0,0,2,0,0,0,0,0,0,0,0,0,0,0,0,0,5,0,0,0,0,0,1,0,0,0
Gaston,0,0,4,5,0,0,0,3,0,0,0,0,0,0,0,0,0,0,0,0,0,14,5,0,0,0
Gates,0,0,0,0,0,0,0,0,0,0,0,0,0,0,0,0,0,0,0,0,0,0,3,0,0,0
Gem,0,0,2,0,0,0,0,0,0,0,0,0,0,0,0,0,0,0,0,0,0,0,0,0,0,0
Genesee,0,0,0,0,0,0,0,21,0,2,1,0,0,0,0,0,0,0,0,0,0,1,11,0,0,1
Gentry,0,0,0,0,0,0,0,0,0,0,0,3,0,0,0,0,1,0,0,0,0,1,0,0,0,0
George,0,0,0,0,0,0,0,0,0,0,0,2,0,0,0,0,0,0,0,0,0,0,0,0,0,0
Georgetown,0,0,0,4,0,0,0,1,0,0,0,0,0,0,0,0,0,0,0,0,0,0,0,0,0,3
Gibson,0,0,0,5,0,0,0,0,0,0,0,0,0,0,0,0,0,0,0,0,0,0,0,0,0,0
GILA,1,0,0,0,0,0,0,0,0,0,0,0,0,0,0,0,0,0,0,0,0,0,1,0,0,0
Gilchrist,0,0,0,0,0,0,0,0,0,0,0,0,0,0,0,0,0,0,0,0,0,0,1,0,0,0
Giles,0,0,0,0,0,0,0,0,0,0,0,0,4,0,0,0,0,0,0,0,0,0,0,0,0,0
Gilliam,0,0,0,0,0,0,0,12,0,0,0,0,0,0,0,0,11,0,0,0,0,0,0,0,0,0
Glasscock,0,0,0,0,0,0,0,0,0,0,0,0,0,0,0,0,5,0,0,0,0,0,0,0,0,0
Glenn,0,0,2,0,0,0,0,0,0,0,0,0,0,0,0,0,0,0,0,0,0,0,1,0,0,0
Gloucester,0,0,0,1,0,0,0,0,1,7,2,0,0,0,0,0,0,2,0,0,1,0,11,0,0,0
Glynn,0,0,0,0,0,0,0,0,0,0,0,0,0,0,0,0,0,0,0,0,0,10,1,0,0,4
Gogebic,0,0,2,0,0,0,0,0,0,0,0,0,0,0,0,0,0,0,0,0,0,0,0,0,0,0
GoldenValley,0,0,0,0,0,0,0,0,0,0,0,0,0,0,0,0,0,0,0,0,0,0,1,0,0,0
Goliad,0,0,0,1,0,0,0,0,0,0,0,0,0,0,0,0,0,0,0,0,0,0,0,0,0,0
Gonzales,0,0,5,0,0,0,0,0,0,0,0,0,0,0,0,0,0,0,0,0,0,0,0,0,0,0
Goochland,0,0,0,0,0,0,0,0,0,0,0,0,0,0,0,0,0,0,0,0,0,36,1,0,0,0
Goodhue,0,0,0,0,0,0,0,0,2,0,2,0,0,0,2,0,0,0,0,0,0,3,21,0,0,0
Gooding,0,0,16,0,0,0,0,0,0,0,0,0,0,0,0,0,1,0,0,4,0,0,0,0,0,0
Gosper,0,0,3,0,0,0,0,0,0,0,0,0,1,0,0,0,0,0,0,0,0,0,0,0,0,0
Grady,1,0,0,0,0,0,0,0,0,0,0,0,0,0,0,0,4,0,0,0,0,0,1,0,0,0
Grafton,0,0,17,0,0,0,0,0,0,0,0,0,0,0,0,0,1,0,0,0,0,5,0,0,0,3
Graham,0,0,7,0,0,0,0,0,0,0,0,0,0,0,0,0,0,0,0,0,0,6,0,0,0,0
Grand,0,0,3,0,0,0,0,0,0,0,0,0,0,0,0,0,0,0,0,0,0,0,1,0,0,0
GrandIsle,0,0,0,0,0,0,0,0,0,0,0,0,0,0,0,0,0,0,0,0,0,0,1,0,0,0
GrandTraverse,0,0,0,0,0,0,0,0,0,0,0,0,0,0,0,0,0,0,0,0,0,0,1,0,0,0
Granite,0,0,1,0,0,0,0,0,0,0,0,0,0,0,0,0,0,0,0,0,0,0,0,0,0,0
Grant,0,0,52,4,0,0,6,0,0,2,0,12,0,0,0,0,6,0,0,0,0,21,6,0,0,1
Granville,0,0,0,0,0,0,0,0,0,0,0,0,0,0,0,0,0,0,0,0,0,0,7,0,0,0
Gratiot,0,0,2,0,0,0,0,0,0,0,0,0,0,0,0,0,5,0,0,0,0,6,0,0,0,0
Gray,0,0,0,0,0,0,0,0,0,0,0,0,0,0,0,0,4,0,0,0,0,0,0,0,0,0
GraysHarbor,0,0,1,0,0,0,0,0,0,3,0,0,0,0,0,0,1,0,0,0,0,0,0,0,0,3
Grayson,0,0,6,0,0,0,0,0,0,3,0,3,0,0,0,0,0,0,0,0,0,0,4,0,0,0
Greeley,0,0,2,0,0,0,0,0,0,0,0,0,0,0,0,0,0,0,0,0,0,3,0,0,0,0
Greenbrier,1,0,0,0,0,0,0,0,0,0,0,0,0,0,0,0,2,0,0,0,0,0,0,0,0,0
Greene,1,0,0,2,0,0,0,1,0,6,24,3,2,0,0,0,3,0,0,0,0,3,12,0,0,0
GreenLake,0,0,0,0,0,0,0,3,0,0,0,0,0,0,0,0,0,0,0,0,0,0,0,0,0,0
Greensville,0,0,2,0,0,0,0,0,0,4,0,0,0,0,0,0,0,0,0,0,0,0,1,0,0,0
Greenup,0,0,0,0,0,0,0,3,0,0,0,0,0,0,0,0,0,0,0,0,0,0,0,0,0,0
Greenville,0,0,7,0,0,0,0,2,0,0,0,0,0,0,0,0,0,0,0,0,0,4,1,0,0,0
Greenwood,0,0,3,0,0,0,0,0,0,0,0,0,0,0,0,0,0,0,0,0,0,0,3,0,0,0
Greer,0,0,0,0,0,0,0,0,0,0,0,0,0,0,0,0,0,0,0,0,0,4,0,0,0,0
Gregg,0,0,0,0,0,0,0,0,0,0,0,0,1,0,0,0,0,0,0,0,0,0,0,0,0,0
Grimes,0,0,0,0,0,0,0,0,0,4,0,0,0,0,0,0,0,0,0,0,0,0,0,0,0,0
Grundy,0,0,0,0,0,0,0,0,0,4,0,0,0,0,2,0,2,0,0,0,0,16,1,0,0,0
Guadalupe,0,0,7,0,0,0,0,0,0,10,0,0,0,0,0,0,1,0,0,0,0,0,0,0,0,0
Guilford,0,0,0,0,0,0,0,1,0,0,0,0,0,0,0,0,0,0,0,0,0,9,7,0,0,0
Gunnison,0,0,2,0,0,0,0,0,0,0,0,0,0,0,0,0,0,3,0,0,0,0,0,0,0,0
Guthrie,0,0,0,0,0,0,0,0,0,0,0,0,0,0,0,0,1,0,0,0,0,6,0,0,0,0
Gwinnett,0,0,0,0,0,0,0,5,0,0,0,0,0,0,0,0,0,0,0,0,0,0,0,0,0,0
Habersham,0,0,10,0,0,0,0,0,0,0,0,0,0,0,0,0,0,0,0,0,0,0,0,0,0,0
Haines,0,0,0,0,0,0,0,0,0,0,0,0,0,0,0,0,0,0,0,0,0,5,0,0,0,0
Hale,0,0,0,0,0,0,0,0,0,0,3,18,0,0,0,0,1,0,0,0,0,0,0,0,0,1
Halifax,0,0,11,2,0,0,0,0,0,0,0,0,0,0,0,0,0,0,0,0,0,3,11,0,0,2
Hall,0,0,0,1,0,0,0,0,0,0,3,0,0,0,0,0,0,0,0,0,0,0,0,0,0,0
Hamilton,1,0,4,2,0,0,4,0,0,8,0,0,3,0,2,0,3,0,0,0,0,14,8,0,0,0
Hampden,3,0,36,0,0,0,0,4,1,7,2,0,2,0,0,0,1,0,0,0,0,10,49,0,0,0
Hampshire,4,0,0,0,0,0,0,1,0,0,2,0,1,0,0,0,0,0,0,0,0,0,27,0,0,0
Hampton,0,0,0,0,0,0,0,0,0,0,0,0,0,0,0,0,0,0,0,0,0,0,4,0,0,0
HamptonCity,0,0,0,0,0,0,0,6,0,0,0,0,0,0,0,0,0,0,0,0,0,0,0,0,0,0
Hancock,0,0,9,0,0,0,4,0,0,0,1,0,0,0,0,0,15,0,0,0,0,11,1,0,0,1
Hand,1,0,0,0,0,0,0,0,0,0,0,0,0,0,0,0,1,0,0,0,0,0,0,0,0,0
Hanover,0,0,0,0,0,0,0,0,0,6,3,0,0,0,0,0,0,0,0,0,0,0,1,0,0,0
Hansford,0,0,0,0,0,0,0,0,0,0,0,0,0,0,0,0,4,0,0,0,0,0,0,0,0,0
Hardee,0,0,0,0,0,0,0,0,0,6,11,0,0,0,0,0,0,0,0,0,0,0,0,0,0,0
Hardeman,0,0,0,0,0,0,0,0,0,0,0,0,0,0,0,0,1,0,0,0,0,0,1,0,0,0
Hardin,0,0,6,0,0,0,0,3,0,0,2,0,0,0,0,0,3,0,0,0,0,0,2,0,0,2
Harford,0,0,11,0,0,0,0,0,0,0,3,0,0,0,0,0,0,0,0,0,0,3,14,0,0,0
Harnett,0,0,0,0,0,0,0,0,0,0,0,0,0,0,0,0,0,0,0,0,0,0,11,0,0,0
Harney,0,0,0,0,0,0,0,0,0,0,0,0,0,0,0,0,0,0,0,0,0,0,4,0,0,0
Harper,0,0,0,0,0,0,0,0,0,0,0,3,0,0,0,0,3,0,0,0,0,2,0,0,0,0
Harris,0,0,0,0,0,0,0,0,0,41,46,21,1,0,0,0,0,0,0,0,1,0,2,0,0,0
Harrison,0,0,0,4,0,0,0,0,0,6,1,0,2,0,0,0,0,0,0,0,0,0,2,0,0,1
Hart,0,0,5,0,0,0,0,0,0,0,2,0,0,0,0,0,0,0,0,0,0,0,0,0,0,0
Hartford,0,0,4,0,0,0,0,0,3,7,2,7,0,0,0,0,0,0,7,0,0,6,13,0,0,0
Hartley,0,0,0,0,0,0,0,0,0,0,0,0,0,0,0,0,2,0,0,0,0,0,0,0,0,0
Haskell,0,0,3,0,0,0,0,0,0,0,0,0,0,0,0,0,3,0,0,0,0,0,1,0,0,0
Hawaii,0,0,6,0,0,12,0,0,0,0,0,0,0,0,0,0,2,0,0,0,0,22,0,0,0,0
Hawkins,0,0,0,0,0,0,0,0,0,4,0,0,0,0,0,0,0,0,0,0,0,0,0,0,0,0
Hays,0,0,0,0,0,0,0,0,0,4,0,0,0,0,0,0,0,0,0,0,0,0,0,0,0,0
Haywood,0,0,3,0,0,0,0,0,0,3,16,0,0,0,0,0,0,0,0,0,0,0,3,0,0,6
Heard,0,0,0,2,0,0,0,0,0,12,9,0,0,0,0,0,0,0,0,0,0,1,0,0,0,0
Hemphill,0,0,0,0,0,0,0,0,0,0,0,3,0,0,0,0,0,0,0,0,0,0,0,0,0,0
Hempstead,0,0,0,1,0,0,0,0,0,0,1,0,0,0,0,0,0,0,0,0,0,0,0,0,0,0
Henderson,0,0,2,0,0,0,0,0,0,0,0,0,1,0,0,0,0,0,0,0,0,2,3,0,0,0
Hendricks,0,0,0,0,0,0,0,14,0,0,0,0,0,0,0,0,0,0,0,0,0,6,0,0,0,0
Hendry,0,0,0,0,0,0,0,0,0,0,0,0,0,0,0,0,0,0,0,3,0,0,2,0,0,0
Hennepin,0,0,21,0,0,0,0,0,1,3,1,0,1,0,0,0,0,0,0,0,0,0,12,0,0,0
Henrico,0,0,0,0,0,0,0,16,0,0,4,0,0,0,0,0,0,0,0,0,0,0,0,0,0,0
Henry,0,0,5,0,0,0,0,1,0,0,5,7,0,0,0,0,6,0,0,2,0,16,4,0,0,0
Herkimer,0,0,15,0,0,0,0,0,0,0,0,0,0,0,0,0,1,0,0,0,0,0,0,0,0,0
Hernando,0,0,0,0,0,0,0,1,0,0,0,0,0,0,0,0,0,0,0,0,0,0,0,0,0,0
Hertford,0,0,0,0,0,0,0,0,0,0,0,0,0,0,0,0,0,0,0,0,0,0,18,0,0,0
Hidalgo,0,0,0,0,0,5,0,0,0,6,6,12,0,0,0,0,2,0,0,4,0,1,0,0,0,0
Highland,0,0,0,0,0,0,0,0,0,0,0,0,0,0,0,0,0,0,0,0,0,10,0,0,0,0
Highlands,0,0,0,0,0,0,0,0,0,0,0,0,0,0,0,0,0,0,0,0,0,0,1,0,0,0
Hillsborough,0,0,10,2,0,0,0,2,3,9,5,0,2,0,0,0,1,0,0,5,0,3,9,0,0,0
Hillsdale,0,0,0,0,0,0,0,0,0,0,0,2,0,0,0,0,0,0,0,0,0,0,0,0,0,0
Hinds,0,0,0,0,0,0,0,0,0,3,2,0,0,0,0,0,0,0,0,0,0,0,0,0,0,0
Hodgeman,0,0,0,0,0,0,0,0,0,0,0,0,0,0,0,0,0,0,0,0,0,1,0,0,0,0
Hoke,0,0,0,0,0,0,0,0,0,0,0,0,0,0,0,0,0,0,0,0,0,0,3,0,0,0
Holt,0,0,0,0,0,0,0,0,0,0,0,1,0,0,0,0,1,0,0,0,0,3,0,0,0,0
Honolulu,1,0,0,1,0,0,0,0,2,0,0,0,0,0,0,0,3,0,0,10,0,23,26,0,0,0
Hood,0,0,0,0,0,0,0,0,0,6,4,0,0,0,0,0,0,0,0,0,0,0,0,0,0,0
HoodRiver,0,0,5,0,0,0,0,0,0,0,0,0,0,0,0,0,0,0,0,0,0,0,0,0,0,0
HopewellCity,0,0,0,0,0,0,0,0,0,0,0,0,0,0,0,0,0,0,0,0,0,0,0,0,0,2
Horry,0,0,0,0,0,0,0,3,0,0,0,0,0,0,0,0,0,0,0,0,0,5,2,0,0,0
HotSpring,0,0,3,0,0,0,0,0,0,6,0,0,1,0,0,0,0,0,0,0,0,0,0,0,0,0
Houghton,0,0,0,0,0,0,0,0,0,0,0,0,0,0,0,0,0,0,0,0,0,1,0,0,0,0
Houston,0,0,0,0,0,0,0,0,0,3,2,0,0,0,2,0,0,0,0,0,0,7,1,0,0,0
Howard,1,0,0,0,0,0,0,1,0,3,0,0,0,0,0,0,7,0,0,0,0,5,5,0,0,0
Howell,0,0,0,0,0,0,0,0,0,0,2,0,0,0,0,0,0,0,0,0,0,0,0,0,0,0
Hudson,0,0,0,0,0,0,0,0,0,0,20,0,0,0,0,0,1,0,3,0,0,0,19,0,0,0
Huerfano,0,0,0,0,0,0,0,0,0,0,0,0,0,0,0,0,7,0,0,0,0,0,0,0,0,0
Hughes,0,0,7,0,0,0,0,0,0,0,0,0,0,0,0,0,0,0,0,0,0,0,1,0,0,0
Humboldt,0,0,2,2,0,3,0,0,0,0,0,10,0,0,0,0,0,0,0,0,0,0,0,0,0,5
Humphreys,0,0,0,0,0,0,0,0,0,0,20,0,0,0,0,0,0,0,0,0,0,0,0,0,0,0
Hunt,0,0,0,0,0,0,0,0,0,0,0,3,3,0,0,0,0,0,0,0,0,0,2,0,0,0
Hunterdon,0,0,0,0,0,0,0,0,0,5,1,0,0,0,0,0,0,0,0,0,0,0,13,0,0,0
Huntingdon,0,0,6,0,0,0,0,0,0,0,0,0,0,0,0,0,0,0,0,0,0,0,0,0,0,0
Huron,0,0,0,2,0,0,0,0,0,0,0,2,0,0,0,0,16,0,0,0,0,20,1,0,0,0
Hutchinson,0,0,0,0,0,0,0,0,0,0,2,0,0,0,0,0,2,2,0,0,0,0,0,0,0,0
Hyde,1,0,0,0,0,0,0,0,0,0,0,0,0,0,0,0,2,0,0,0,0,1,0,0,0,0
Iberia,0,0,0,0,0,0,0,0,0,0,0,0,0,0,0,0,0,0,0,2,0,0,0,0,0,0
Iberville,0,0,0,0,0,0,0,0,0,14,3,0,0,0,0,0,0,0,0,0,0,2,0,0,0,0
Ida,0,0,0,0,0,0,0,0,0,0,0,0,0,0,0,0,5,0,0,0,0,0,0,0,0,0
Idaho,0,0,1,0,0,0,0,0,0,0,0,0,0,0,0,0,0,0,0,0,0,0,0,0,0,0
Imperial,1,0,16,0,0,47,0,0,0,5,3,0,2,0,0,0,1,0,0,0,0,1,41,0,0,2
Independence,0,0,2,2,0,0,0,0,0,0,0,0,0,0,0,0,0,0,0,0,0,0,0,0,0,0
Indiana,0,0,0,6,0,0,0,0,0,0,0,4,0,0,0,0,0,0,0,0,0,4,0,0,0,0
IndianRiver,0,0,0,0,0,0,0,0,0,0,0,0,0,0,0,0,0,0,0,0,0,0,2,0,0,0
Ingham,0,0,0,1,0,0,0,0,0,3,1,0,5,0,0,0,0,0,0,0,0,0,1,0,0,0
Inyo,0,0,21,0,0,9,0,0,0,0,0,0,0,0,0,0,0,0,0,0,0,0,2,0,0,0
Ionia,0,0,2,0,0,0,0,0,0,0,0,0,0,0,0,0,0,0,0,0,0,3,0,0,0,0
Iosco,0,0,10,0,0,0,0,0,0,0,0,0,0,0,0,0,0,0,0,0,0,0,0,0,0,0
Iowa,0,0,0,0,0,0,0,0,0,0,0,0,0,0,0,0,2,0,0,0,0,15,0,0,0,0
Iredell,0,0,3,0,0,0,0,2,0,0,0,0,0,0,0,0,0,0,0,0,0,2,2,0,0,0
Irion,0,0,0,0,0,0,0,0,0,0,0,0,0,0,0,0,1,0,0,0,0,0,0,0,0,0
Iron,0,0,11,0,0,0,0,0,0,0,0,0,0,0,0,0,0,0,0,0,0,0,17,0,0,0
Iroquois,0,0,0,0,0,0,0,0,0,0,0,0,0,0,0,0,2,0,0,0,0,0,1,0,0,0
Isabella,0,0,0,0,0,0,0,0,0,0,1,0,1,0,0,0,1,0,0,0,0,0,0,0,0,0
Isanti,2,0,0,0,0,0,0,0,0,0,1,0,0,0,0,0,0,0,0,0,0,1,1,0,0,0
IsleofWight,0,0,0,0,0,0,0,0,0,0,1,0,0,0,0,0,0,0,0,0,0,0,1,0,0,1
Itasca,0,0,3,2,0,0,0,0,0,0,0,0,2,0,0,0,0,0,0,0,0,1,0,0,0,0
Jack,0,0,0,0,0,0,0,0,0,0,0,0,0,0,0,0,3,0,0,0,0,0,0,0,0,0
Jackson,1,0,16,4,0,0,0,8,0,21,23,9,4,0,0,0,12,0,0,0,0,37,9,0,0,8
Jasper,0,0,10,5,0,0,0,0,0,7,7,13,0,0,0,0,0,0,0,2,0,5,5,0,0,3
Jay,0,0,0,0,0,0,0,4,0,0,0,0,1,0,0,0,2,0,0,0,0,0,0,0,0,0
JeffDavis,0,0,0,0,0,0,0,0,0,0,0,0,0,0,0,0,0,0,0,0,0,0,4,0,0,0
Jefferson,0,0,75,24,0,0,0,12,0,20,26,37,12,0,0,0,1,4,0,2,0,5,14,0,0,5
JeffersonDavis,0,0,0,0,0,0,0,0,0,0,3,0,0,0,0,0,0,0,0,0,0,0,0,0,0,0
Jenkins,0,0,0,0,0,0,0,0,0,0,0,0,0,0,0,0,0,0,0,0,0,0,1,0,0,0
Jerauld,0,0,0,0,0,0,0,0,0,0,0,0,0,0,0,0,4,0,0,0,0,0,0,0,0,0
Jerome,0,0,19,0,0,0,0,0,0,0,0,0,0,0,0,0,0,0,0,0,0,0,0,0,0,0
JimHogg,0,0,0,0,0,0,0,0,0,0,0,0,0,0,0,0,1,0,0,0,0,0,0,0,0,0
JoDaviess,0,0,0,0,0,0,0,0,0,0,0,0,0,0,0,0,0,0,0,0,0,0,3,0,0,0
Johnson,1,0,0,0,0,0,0,0,0,2,13,6,1,0,0,0,0,0,0,0,0,10,4,0,0,0
Johnston,0,0,0,0,0,0,0,1,0,0,0,0,0,0,0,0,1,0,0,0,0,0,26,0,0,0
Jones,0,0,0,0,0,0,0,0,0,4,2,0,1,0,0,0,0,0,0,0,0,0,6,0,0,0
Juab,0,0,0,0,0,0,0,0,0,3,0,0,0,0,0,0,0,0,0,0,0,0,0,0,0,0
JudithBasin,0,0,0,0,0,0,0,0,0,0,0,0,0,0,0,0,2,0,0,0,0,0,0,0,0,0
Juneau,0,0,14,0,0,0,0,0,0,0,0,0,0,0,0,0,0,0,0,0,0,27,3,0,0,0
Kalamazoo,1,0,0,0,0,0,0,0,0,3,1,1,1,0,0,0,0,0,0,0,0,0,1,0,0,0
Kalkaska,0,0,0,0,0,0,0,0,0,0,1,0,0,0,0,0,0,0,0,0,0,0,0,0,0,0
Kanabec,0,0,0,0,0,0,0,1,0,0,0,2,0,0,0,0,0,0,0,0,0,1,0,0,0,0
Kanawha,0,0,6,0,0,0,0,0,0,0,0,0,0,0,0,0,0,0,0,0,0,0,0,0,0,0
Kandiyohi,0,0,0,0,0,0,0,0,0,0,0,0,0,0,0,0,2,0,0,0,0,6,7,0,0,0
Kane,0,0,0,0,0,0,0,6,0,0,8,22,0,0,0,0,0,0,0,0,0,0,3,0,0,0
Kankakee,0,0,3,0,0,0,0,0,0,0,1,0,0,0,0,0,1,0,0,0,0,0,3,0,0,0
Karnes,0,0,0,0,0,0,0,0,0,0,0,0,0,0,0,0,0,0,0,0,0,0,1,0,0,0
Kauai,3,0,5,0,0,0,0,0,0,0,0,0,0,0,0,0,0,0,0,1,0,15,7,0,0,0
Kaufman,0,0,0,0,0,0,0,0,0,8,0,0,0,0,0,0,0,0,0,0,0,0,0,0,0,0
Kay,0,0,1,0,0,0,0,0,0,2,2,0,1,0,0,0,4,0,0,0,0,0,0,0,0,0
Keith,0,0,1,0,0,0,0,0,0,0,0,0,0,0,0,0,0,0,0,0,0,0,0,0,0,0
Kemper,0,0,0,0,0,0,0,0,0,3,4,0,0,0,0,0,0,0,0,0,0,0,0,0,0,0
KenaiPeninsula,0,0,4,0,0,0,0,0,0,2,17,0,0,0,0,0,0,0,0,0,0,8,0,0,0,0
Kendall,0,0,0,0,0,0,0,0,0,8,0,0,0,0,0,0,0,0,0,0,0,0,0,0,0,0
Kenedy,0,0,0,0,0,0,0,0,0,0,0,0,0,0,0,0,5,0,0,0,0,0,0,0,0,0
Kennebec,0,0,15,0,0,0,0,0,0,0,0,0,0,0,0,0,0,0,0,0,0,0,1,0,0,0
Kenosha,0,0,0,0,0,0,0,11,0,0,4,0,0,0,0,0,0,0,0,0,0,0,0,0,0,0
Kent,0,0,2,0,0,0,0,7,1,6,6,0,1,0,0,0,11,0,0,0,0,0,18,0,0,0
Kenton,0,0,0,0,0,0,0,0,0,0,0,0,0,0,0,0,0,0,0,0,0,0,2,0,0,0
Kern,3,0,11,0,0,0,0,0,0,15,65,2,0,0,0,0,53,0,3,5,0,2,96,0,0,3
Kershaw,0,0,5,0,0,0,0,0,0,0,0,0,1,0,0,0,0,0,0,0,0,0,0,0,0,0
KetchikanGateway,0,0,11,0,0,0,0,0,0,0,0,0,0,0,0,0,0,0,0,0,0,4,0,0,0,0
Kewaunee,0,0,0,0,0,0,0,0,0,0,0,0,0,0,0,0,1,0,0,0,0,0,0,0,0,0
KeyaPaha,0,0,0,0,0,0,0,0,0,0,0,0,0,0,0,0,2,0,0,0,0,0,0,0,0,0
Kimball,0,0,0,0,0,0,0,0,0,0,0,0,0,0,0,0,1,0,0,0,0,6,0,0,0,0
King,0,0,16,0,0,0,0,18,0,0,0,0,1,0,0,0,0,0,0,2,0,5,0,0,0,0
KingandQueen,0,0,0,0,0,0,0,36,0,0,0,0,0,0,0,0,0,0,0,0,0,0,0,0,0,0
Kingfisher,0,0,0,0,0,0,0,0,0,0,0,5,0,0,0,0,2,0,0,0,0,0,0,0,0,0
KingGeorge,0,0,0,1,0,0,0,4,0,0,0,0,0,0,0,0,0,0,0,0,0,0,0,0,0,0
Kingman,0,0,0,0,0,0,0,0,0,0,0,6,0,0,0,0,1,0,0,0,0,0,0,0,0,0
Kings,0,0,0,0,0,0,0,0,0,4,39,6,0,0,0,0,0,0,3,4,0,60,26,0,0,0
Kingsbury,0,0,0,0,0,0,0,0,0,0,0,0,0,0,0,0,0,0,0,0,0,1,0,0,0,0
KingWilliam,0,0,0,0,0,0,0,0,0,0,0,0,0,0,0,0,0,0,0,0,0,0,1,0,0,5
Kinney,0,0,0,0,0,0,0,0,0,0,0,0,0,0,0,0,1,0,0,0,0,0,1,0,0,0
Kiowa,0,0,0,0,0,0,0,0,0,0,0,0,0,0,0,0,3,0,0,0,0,0,0,0,0,0
KitCarson,0,0,0,0,0,0,0,0,0,0,0,0,0,0,0,0,3,0,0,0,0,2,0,0,0,0
Kittitas,0,0,0,0,0,0,0,0,0,0,0,0,0,0,0,0,5,0,0,0,0,0,1,0,0,0
Klamath,0,0,5,0,0,0,0,0,0,3,4,0,0,0,0,0,0,0,0,0,0,0,10,0,0,0
Klickitat,0,0,0,0,0,0,0,8,0,2,0,0,0,0,0,0,9,0,0,0,0,0,0,0,0,2
Knox,0,3,0,0,0,0,0,0,0,0,5,0,0,0,0,0,5,0,0,0,0,0,0,0,0,0
KodiakIsland,1,0,3,0,1,0,0,0,0,0,0,0,0,0,0,0,2,0,0,0,0,10,0,0,0,0
Koochiching,0,0,7,0,0,0,0,0,0,0,0,0,0,0,0,0,0,0,0,0,0,0,0,0,0,1
Kootenai,0,0,6,0,0,0,0,2,0,2,2,0,0,0,0,0,0,0,0,0,0,0,0,0,0,0
Kossuth,0,0,0,0,0,0,0,0,0,0,0,0,0,0,0,0,3,0,0,0,0,7,0,0,0,0
Lackawanna,0,0,0,0,0,0,0,3,0,3,1,0,0,0,0,0,0,0,0,0,0,0,0,0,0,0
Laclede,0,0,0,0,0,0,0,0,0,0,0,0,0,0,0,0,0,0,0,0,0,0,1,0,0,0
LaCrosse,0,0,0,0,0,0,0,1,0,0,0,0,0,0,0,0,0,0,0,0,0,2,0,0,0,2
Lafayette,0,0,1,0,0,0,0,0,0,0,5,0,0,0,0,0,1,0,0,0,0,6,1,0,0,0
Lake,0,0,10,8,0,5,2,6,1,3,6,4,0,0,1,0,0,13,0,0,0,5,14,0,0,0
LakeandPeninsula,0,0,2,0,0,0,0,0,0,0,0,0,0,0,0,0,0,0,0,0,0,3,0,0,0,0
Lamar,0,0,0,0,0,0,0,0,0,9,0,0,0,0,0,0,0,0,0,0,0,0,4,0,0,1
Lamb,0,0,0,2,0,0,0,0,0,0,0,0,4,0,0,0,0,0,0,0,0,0,0,0,0,0
Lamoille,0,0,6,0,0,0,0,0,0,0,0,0,0,0,0,0,0,0,0,0,0,0,2,0,0,0
LaMoure,0,0,0,0,0,0,0,0,0,0,0,0,0,0,0,0,1,0,0,0,0,0,0,0,0,0
Lancaster,0,0,31,3,0,0,8,10,1,3,5,1,0,0,0,0,4,0,0,0,0,3,6,0,0,0
Lander,0,0,0,0,0,10,0,0,0,0,0,0,0,0,0,0,0,0,0,0,0,0,0,0,0,0
Lane,0,0,13,0,0,0,0,4,0,2,0,0,0,0,0,0,0,0,0,1,0,0,0,0,0,5
Lanier,0,0,0,0,0,0,0,0,0,0,0,0,0,0,0,0,0,0,0,0,0,0,2,0,0,0
LaPaz,0,0,3,0,0,0,0,0,0,0,0,0,0,0,0,0,0,0,0,0,0,0,1,0,0,0
Lapeer,0,0,0,0,0,0,0,0,0,0,0,0,0,0,0,0,0,0,0,0,0,0,2,0,0,0
LaPlata,0,0,5,0,0,0,0,0,0,0,0,0,0,0,0,0,0,0,0,0,0,0,0,0,0,0
LaPorte,0,0,0,1,0,0,0,4,0,0,0,4,0,0,0,0,0,0,0,0,0,0,0,0,0,0
Laramie,0,0,0,0,0,0,0,0,0,3,1,0,0,0,0,0,6,0,0,0,0,0,0,0,0,0
Larimer,0,0,10,1,0,0,1,0,0,0,5,0,0,0,0,0,0,0,0,0,0,0,4,0,0,0
LaSalle,2,0,7,0,0,0,0,0,0,0,0,0,0,0,2,0,5,0,0,0,0,8,2,0,0,0
LasAnimas,0,0,0,0,0,0,0,0,0,0,0,2,0,0,0,0,0,0,0,0,0,3,1,0,0,0
Lassen,0,0,1,0,0,2,0,0,0,0,0,2,0,0,0,0,0,0,0,0,0,0,2,0,0,2
Lauderdale,0,0,21,0,0,0,0,0,0,0,1,0,0,0,0,0,0,0,0,0,0,5,3,0,0,0
Laurel,0,0,1,0,0,0,0,5,0,0,0,0,0,0,0,0,0,0,0,0,0,0,0,0,0,0
Laurens,0,0,2,0,0,0,0,0,0,0,1,0,0,0,0,0,0,0,0,0,0,0,1,0,0,1
Lawrence,0,0,13,0,0,0,0,0,0,9,11,0,4,0,0,0,0,0,0,0,0,2,1,0,0,2
Lea,0,0,0,0,0,0,0,0,0,3,5,5,3,0,0,0,2,0,0,0,0,0,5,0,0,0
Lebanon,0,0,0,0,0,0,0,2,0,3,0,0,0,0,0,0,0,0,0,0,0,0,1,0,0,0
Lee,0,0,32,0,0,0,0,4,2,23,14,0,0,0,0,0,6,0,0,0,1,2,12,0,0,0
Leelanau,0,0,0,0,0,0,0,0,0,0,0,0,0,0,0,0,0,0,0,0,0,0,2,0,0,0
LeFlore,0,0,0,2,0,0,0,0,0,0,0,0,0,0,0,0,0,0,0,0,0,0,0,0,0,0
Lehigh,0,0,0,0,0,0,0,0,0,0,0,0,0,0,0,0,0,0,0,0,0,4,1,0,0,0
Lemhi,0,0,0,0,0,0,0,0,0,0,0,0,0,0,0,0,0,0,0,0,0,2,0,0,0,0
Lenawee,0,0,0,0,0,0,0,3,0,0,0,0,0,0,0,0,0,0,0,0,0,0,0,0,0,0
Lenoir,0,0,0,0,0,0,0,0,0,0,0,0,0,0,0,0,0,0,0,0,0,4,14,0,0,0
Leon,0,0,0,0,0,0,0,0,0,2,2,7,0,0,0,0,0,0,0,0,0,0,2,0,0,0
LeSueur,0,0,0,0,0,0,0,0,0,0,0,5,0,0,0,0,0,0,0,1,0,0,10,0,0,0
Lewis,0,0,55,1,0,0,0,0,0,5,0,0,0,0,0,0,5,0,0,0,0,0,0,0,0,0
LewisandClark,0,0,9,0,0,0,0,0,0,0,0,0,0,0,0,0,0,0,0,0,0,0,2,0,0,0
Lexington,0,0,5,0,0,0,0,0,0,0,0,0,2,0,0,0,0,0,0,0,0,0,7,0,0,0
Liberty,0,0,1,0,0,0,0,0,0,0,0,0,0,0,0,0,0,0,0,0,0,0,1,0,0,1
Licking,0,0,0,0,0,0,0,0,0,0,0,0,0,0,0,0,0,0,0,0,0,0,1,0,0,0
Limestone,0,0,0,2,0,0,0,0,0,0,0,0,0,0,3,0,1,0,0,0,0,0,2,0,0,0
Lincoln,0,0,44,4,0,0,0,0,0,0,22,0,4,0,0,0,29,0,0,0,0,7,3,0,0,2
Linn,0,0,9,10,0,0,0,0,0,0,1,1,1,0,0,0,1,0,0,0,0,33,0,0,0,1
Litchfield,0,0,9,0,0,0,3,3,0,2,1,0,0,0,0,0,1,0,0,0,0,2,4,0,0,0
LittleRiver,0,0,0,0,0,0,0,0,0,0,0,0,0,0,0,0,0,0,0,0,0,0,0,0,0,4
Livingston,0,0,3,0,0,0,0,3,0,0,2,0,0,0,0,0,4,0,0,0,0,10,2,0,0,0
Llano,0,0,3,0,0,0,0,0,0,3,0,0,0,0,0,0,0,0,0,0,0,0,0,0,0,0
Logan,0,0,0,0,0,0,0,0,0,0,4,0,0,0,0,0,14,0,0,0,0,0,4,0,0,0
Lorain,0,0,0,1,0,0,0,18,0,0,5,8,0,0,0,0,0,0,0,0,0,5,1,0,0,0
LosAlamos,0,0,0,0,0,0,0,0,0,0,0,0,0,0,0,0,0,0,0,0,0,0,1,0,0,0
LosAngeles,10,0,33,0,0,0,6,15,1,57,44,1,15,0,0,0,1,7,35,9,0,34,135,0,0,0
Loudon,0,0,6,0,0,0,0,0,0,0,2,0,0,0,0,0,0,0,0,0,0,0,0,0,0,0
Loudoun,0,0,0,0,0,0,0,0,0,3,0,0,0,0,0,0,0,0,0,0,0,0,0,0,0,0
Louisa,0,0,1,1,0,0,0,0,0,4,5,0,0,0,2,0,0,0,0,0,0,0,1,0,0,0
Love,0,0,0,0,0,0,0,0,0,0,0,0,0,0,0,0,0,0,0,0,0,0,1,0,0,0
Lowndes,0,0,0,0,0,0,0,4,0,8,0,0,0,0,0,0,0,0,0,0,0,6,6,0,0,7
Lubbock,0,0,0,0,0,0,0,0,0,3,5,0,4,0,0,0,3,0,0,0,0,0,0,0,0,0
Lucas,0,0,0,0,0,0,0,2,0,3,0,5,0,0,0,0,0,0,0,0,2,3,2,0,0,0
Luce,0,0,0,0,0,0,0,0,0,0,0,0,0,0,0,0,0,0,0,0,0,3,0,0,0,0
Luna,0,0,0,0,0,0,0,0,0,3,0,0,0,0,0,0,1,0,0,0,0,0,5,0,0,0
Luzerne,0,0,0,0,1,0,0,0,0,5,5,0,0,0,2,0,1,0,0,0,0,4,1,0,0,0
Lycoming,0,0,0,0,0,0,0,4,0,2,0,0,0,0,0,0,1,0,0,0,0,3,0,0,0,0
LynchburgCity,0,0,3,0,0,0,0,0,0,0,0,0,0,0,0,0,0,0,0,0,0,0,0,0,0,0
Lynn,0,0,0,0,0,0,0,0,0,0,0,0,0,0,0,0,2,0,0,0,0,0,0,0,0,0
Lyon,0,0,4,0,0,6,0,0,0,0,7,0,2,0,0,0,7,0,0,0,0,3,6,0,0,0
Macomb,0,0,0,0,0,0,0,17,0,0,5,0,0,0,0,0,0,0,0,0,0,2,0,0,0,0
Macon,0,0,4,8,0,0,0,0,0,0,1,0,0,0,0,0,0,0,0,0,0,12,1,0,0,2
Madera,0,0,11,0,0,0,0,0,0,0,0,16,0,0,0,0,0,0,0,0,0,0,8,0,0,1
Madison,1,0,12,0,0,0,0,1,0,0,10,0,1,0,0,0,4,0,0,0,0,19,10,0,0,1
Mahaska,0,0,0,0,0,0,0,0,0,0,0,0,0,0,0,0,1,0,0,0,0,0,0,0,0,0
Mahoning,0,0,0,0,0,0,0,23,0,0,0,0,0,0,0,0,0,0,0,0,0,0,0,0,0,0
Malheur,0,0,3,0,0,3,0,0,0,0,0,0,0,0,0,0,0,0,0,0,0,0,9,0,0,0
Manatee,0,0,0,0,0,0,0,1,0,5,1,0,2,0,0,0,0,0,0,0,0,0,2,0,0,0
Manistee,0,0,3,1,0,0,0,0,0,0,0,0,2,0,0,0,0,0,0,0,0,0,0,0,0,0
Manitowoc,0,0,0,0,0,0,0,8,0,0,1,0,0,0,2,0,0,0,0,0,1,1,1,0,0,2
Marathon,0,0,13,2,0,0,0,3,0,0,2,0,1,0,0,0,0,0,0,0,0,2,0,0,0,3
Marengo,0,0,0,0,0,0,0,0,0,0,0,0,0,0,0,0,0,0,0,0,0,0,0,0,0,2
Maricopa,1,0,8,0,0,0,6,2,0,53,16,0,5,0,3,0,0,0,0,0,0,0,56,2,0,0
Marin,0,0,0,0,0,0,0,2,0,0,0,0,0,0,0,0,0,0,0,0,0,0,1,0,0,0
Marinette,0,0,26,0,0,0,0,0,0,0,4,0,0,0,0,0,0,0,0,0,0,0,0,0,0,0
Marion,3,0,15,1,0,0,0,3,2,0,9,0,11,0,0,0,4,0,0,1,0,40,38,0,0,0
Mariposa,0,0,2,0,0,0,0,0,0,0,0,0,0,0,0,0,0,0,0,0,0,0,0,0,0,0
Marlboro,0,0,0,0,0,0,0,0,0,0,0,0,0,0,0,0,0,0,0,0,0,0,0,0,0,1
Marquette,0,0,7,0,0,0,0,0,0,0,0,10,0,0,0,0,0,0,0,0,0,1,0,0,0,0
Marshall,1,0,9,2,0,0,0,4,0,3,12,0,3,0,0,0,4,0,0,0,0,16,2,0,0,0
Martin,1,0,0,0,0,0,0,0,0,11,6,4,0,0,0,0,8,0,0,0,0,6,17,0,0,2
Mason,0,0,14,5,0,0,6,0,0,2,0,0,0,0,0,0,1,0,0,0,0,0,0,0,0,0
Massac,0,0,0,6,0,0,0,0,0,0,5,0,0,0,0,0,0,0,0,0,0,0,0,0,0,0
Matagorda,0,0,0,0,0,0,0,0,0,0,0,0,0,0,2,0,1,0,0,0,0,0,0,0,0,0
MatanuskaSusitna,0,0,2,0,0,0,0,0,0,0,0,0,0,0,0,0,0,0,0,0,0,0,0,0,0,0
Maui,3,0,4,0,0,0,0,0,0,0,0,0,0,0,0,0,3,0,0,0,0,45,14,0,0,0
Maverick,0,0,3,0,0,0,0,0,0,0,0,0,0,0,0,0,0,0,0,0,0,0,0,0,0,0
Mayes,0,0,11,1,0,0,6,0,0,8,0,0,0,0,0,0,0,0,0,0,0,0,0,0,0,0
McClain,0,0,0,0,0,0,0,0,0,3,0,0,0,0,0,0,0,0,0,0,0,0,0,0,0,0
McCone,0,0,5,0,0,0,0,0,0,0,0,0,0,0,0,0,0,0,0,0,0,0,0,0,0,0
McCormick,0,0,7,0,0,0,0,0,0,0,0,0,0,0,0,0,0,0,0,0,0,0,0,0,0,0
McCracken,0,0,0,9,0,0,0,0,0,0,2,0,0,0,0,0,0,0,0,0,0,0,0,0,0,0
McCulloch,0,0,0,0,0,0,0,0,0,0,0,0,0,0,0,0,2,0,0,0,0,0,0,0,0,0
McCurtain,0,0,2,0,0,0,0,0,0,0,0,0,0,0,0,0,0,0,0,0,0,0,0,0,0,1
McDonough,0,0,0,0,0,0,0,0,0,0,0,0,0,0,0,0,1,0,0,0,0,7,3,0,0,0
McHenry,2,0,0,0,0,0,0,0,0,0,0,6,0,0,0,0,2,0,0,0,0,0,5,0,0,0
McIntosh,0,0,0,0,0,0,0,0,0,0,0,0,0,0,0,0,1,0,0,0,0,0,0,0,0,0
McKenzie,0,0,0,0,0,0,0,0,0,0,5,0,0,0,0,0,0,0,0,0,0,0,0,0,0,0
McKinley,0,0,0,0,0,0,0,0,0,0,0,0,0,0,0,0,0,0,0,0,0,0,1,0,0,0
McLean,0,0,0,2,0,0,0,0,0,0,0,0,0,0,0,0,5,0,0,0,0,5,0,0,0,0
McLennan,0,0,0,1,0,0,0,0,0,0,0,0,0,0,0,0,0,0,0,0,0,0,2,0,0,0
McLeod,0,0,0,0,0,0,0,4,0,2,1,5,0,0,0,0,0,0,0,0,0,8,14,0,0,0
McMinn,0,0,0,0,0,0,0,0,0,0,0,0,0,0,0,0,0,0,0,0,0,0,0,0,0,3
McNairy,0,0,0,0,0,0,0,0,0,0,0,0,0,0,0,0,0,0,0,0,0,0,4,0,0,0
McPherson,0,0,0,0,0,0,0,0,0,0,3,0,0,0,0,0,0,0,0,0,0,1,0,0,0,0
Meade,0,0,0,0,0,0,0,0,0,0,0,4,0,0,0,0,0,0,0,0,0,1,0,0,0,0
Meagher,0,0,0,0,0,0,0,0,0,0,0,0,0,0,0,0,4,0,0,0,0,0,0,0,0,0
Mecklenburg,0,0,9,0,0,0,0,2,0,0,0,0,0,0,2,0,0,0,0,1,0,3,2,0,0,0
Mecosta,0,0,4,0,0,0,0,0,0,0,0,0,0,0,0,0,0,0,0,0,0,0,0,0,0,0
Medina,0,0,0,0,0,0,0,0,0,0,0,0,0,0,0,0,0,0,0,0,0,3,2,0,0,0
Meeker,0,0,0,0,0,0,0,0,0,0,0,0,0,0,0,0,2,0,0,0,0,7,3,0,0,0
Meigs,0,0,2,0,0,0,0,0,0,0,0,0,0,0,0,0,0,0,0,0,0,0,0,0,0,0
Menard,0,0,0,0,0,0,0,0,0,0,0,0,0,0,0,0,0,0,0,0,0,0,1,0,0,0
Mendocino,0,0,5,0,0,0,0,0,0,0,0,0,0,0,0,0,0,0,0,0,0,0,0,0,0,0
Menominee,0,0,15,0,0,0,0,0,0,0,0,0,0,0,0,0,0,0,0,0,0,0,0,0,0,0
Merced,1,0,2,0,0,0,14,0,0,0,0,0,0,0,0,0,1,0,0,0,0,0,9,0,0,1
Mercer,1,0,11,6,0,0,0,0,0,0,9,4,0,0,0,0,0,0,0,0,0,2,22,0,0,0
Meriwether,0,0,0,0,0,0,0,0,0,0,0,0,0,0,0,0,0,0,0,0,0,0,3,0,0,0
Merrimack,0,0,15,2,0,0,0,0,1,0,0,0,0,0,0,0,0,0,0,0,0,2,0,0,0,0
Mesa,0,0,4,0,0,0,0,0,0,0,1,0,0,0,0,0,0,0,0,0,0,0,4,0,0,0
Miami,0,0,0,0,0,0,0,0,0,0,1,0,0,0,0,0,0,0,0,0,0,12,3,0,0,0
MiamiDade,1,0,0,0,0,0,0,0,2,5,0,10,0,0,2,0,0,0,0,8,0,1,3,0,0,0
Middlesex,2,0,6,0,0,0,0,12,0,29,4,1,3,0,0,0,0,0,2,0,0,30,99,0,0,0
Midland,0,0,0,0,0,0,0,0,0,15,0,0,0,0,0,0,0,0,0,0,0,1,0,0,0,0
Millard,0,0,0,2,0,0,0,0,0,0,0,0,0,0,0,0,0,0,0,0,0,0,3,0,0,0
MilleLacs,0,0,0,0,0,0,0,0,0,0,0,0,0,0,0,0,0,0,0,0,0,5,0,0,0,0
Miller,0,0,8,0,0,0,0,0,0,0,0,0,0,0,0,0,0,0,0,0,0,0,0,0,0,0
Mills,0,0,0,0,0,0,0,0,0,0,0,0,0,0,0,0,2,0,0,0,0,0,0,0,0,0
Milwaukee,0,0,0,6,0,0,0,8,0,0,2,0,2,0,0,0,0,0,0,7,0,1,1,0,0,0
Mineral,0,0,0,0,0,2,0,0,0,0,0,0,0,0,0,0,1,0,0,0,0,0,1,0,0,0
Minidoka,0,0,4,0,0,0,0,0,0,0,0,0,0,0,0,0,0,0,0,0,0,0,0,0,0,0
Minnehaha,0,0,0,0,0,0,0,0,0,0,3,0,0,0,0,0,0,0,0,0,0,0,0,0,0,0
Missaukee,0,0,0,0,0,0,0,0,0,0,0,0,0,0,0,0,1,0,0,0,0,0,1,0,0,1
Mississippi,0,0,0,1,0,0,0,0,0,3,0,0,0,0,0,0,0,0,0,0,0,1,0,0,0,0
Mitchell,0,0,0,0,0,0,0,0,0,0,12,2,0,0,0,0,6,0,0,0,0,9,4,0,0,0
Mobile,0,0,0,2,0,0,0,0,0,14,3,0,2,0,0,0,0,0,0,0,0,0,0,0,0,0
Moffat,0,0,0,3,0,0,0,0,0,0,0,0,0,0,0,0,0,0,0,0,0,0,0,0,0,0
Mohave,0,0,15,0,0,0,0,0,0,6,2,0,0,0,0,0,2,0,0,0,0,0,7,0,0,0
Monmouth,0,0,0,0,0,0,0,0,0,0,0,0,0,0,0,0,0,0,0,0,0,0,22,0,0,0
Mono,0,0,7,0,0,8,0,0,0,0,0,0,0,0,0,0,0,0,0,0,0,0,0,0,0,0
Monongalia,0,0,0,4,0,0,0,0,0,0,0,0,0,0,0,0,0,0,0,0,0,0,0,0,0,0
Monroe,0,0,6,8,0,0,0,8,0,0,4,8,10,0,1,0,1,0,0,0,0,46,17,0,0,2
Montcalm,0,0,0,0,0,0,0,3,0,0,5,0,0,0,0,0,1,0,0,0,0,0,0,0,0,0
Monterey,0,0,0,0,0,0,0,5,0,8,5,0,0,0,0,0,6,0,4,3,0,0,2,0,0,0
Montezuma,0,0,2,0,0,0,0,0,0,0,0,0,0,0,0,0,0,0,0,0,0,0,0,0,0,0
Montgomery,0,0,7,2,0,0,0,12,2,4,24,17,7,0,2,0,0,0,0,0,0,26,24,0,0,0
Montmorency,0,0,0,0,0,0,0,0,0,0,0,0,0,0,0,0,0,0,0,0,0,0,0,0,0,1
Montour,0,0,0,2,0,0,0,0,0,0,0,0,0,0,0,0,0,0,0,0,0,0,0,0,0,0
Montrose,0,0,8,0,0,0,0,0,0,0,0,0,0,0,0,0,0,0,0,0,0,0,1,0,0,0
Moore,0,0,0,0,0,0,0,0,0,0,0,0,0,0,0,0,6,0,0,0,0,0,18,0,0,0
Morgan,0,0,3,1,0,0,0,2,0,18,3,0,1,0,0,0,0,0,0,0,0,0,3,0,0,0
Morris,0,0,0,0,0,0,0,0,0,0,0,0,0,0,0,0,0,0,0,0,0,0,9,0,0,0
Morrison,0,0,9,0,0,0,0,0,0,0,0,0,0,0,0,0,0,0,0,0,0,0,1,0,0,0
Morrow,0,0,0,0,0,0,0,3,0,6,0,0,0,0,0,0,13,0,0,3,0,0,0,0,0,0
Morton,0,0,0,2,0,0,0,0,0,0,1,0,0,0,0,0,8,3,0,0,0,0,0,0,0,0
Moultrie,0,0,0,0,0,0,0,0,0,0,0,0,0,0,0,0,0,0,0,0,0,13,0,0,0,0
Mower,0,0,0,0,0,0,0,0,0,0,3,0,0,0,0,0,7,0,0,0,0,0,0,0,0,0
Muhlenberg,0,0,0,0,0,0,0,0,0,4,0,0,0,0,0,0,0,0,0,0,0,0,0,0,0,0
Multnomah,0,0,21,0,0,0,0,0,0,0,0,0,0,0,0,0,0,0,0,0,0,0,1,0,0,0
Murray,0,0,2,0,0,0,2,0,0,6,0,0,0,0,0,0,8,0,0,0,0,0,6,0,0,0
Muscatine,0,0,0,4,0,0,0,0,0,0,0,0,0,0,0,0,0,0,0,0,0,9,1,0,0,0
Muscogee,0,0,8,0,0,0,0,0,0,0,0,0,0,0,0,0,0,0,0,2,0,0,1,0,0,0
Muskegon,0,0,0,0,0,0,0,0,0,0,0,4,0,0,0,0,0,0,0,0,0,0,0,0,0,0
Muskingum,0,0,0,0,0,0,0,0,0,3,0,0,0,0,0,0,0,0,0,0,0,0,0,0,0,0
Muskogee,0,0,3,1,0,0,0,0,0,0,0,0,5,0,0,0,0,0,0,0,0,0,0,0,0,0
Nacogdoches,0,0,0,0,0,0,0,0,0,0,0,0,0,0,0,0,0,0,0,0,0,0,0,0,0,1
Nantucket,1,0,0,0,0,0,0,0,0,0,0,0,0,0,0,0,0,0,0,0,0,2,0,0,0,0
Napa,1,0,0,0,0,0,0,0,0,0,0,0,0,0,0,0,0,0,2,0,0,0,5,0,0,0
Nash,0,0,3,0,0,0,0,0,0,0,0,0,0,0,0,0,0,0,0,0,0,0,27,0,0,0
Nassau,0,0,0,0,0,0,0,0,1,7,18,1,2,0,0,0,0,0,1,0,0,20,2,0,0,4
Natchitoches,0,0,0,0,0,0,0,0,0,0,0,0,0,0,0,0,0,0,0,0,0,0,0,0,0,1
Natrona,0,0,4,0,0,0,0,0,0,0,0,0,0,0,0,0,1,0,0,0,0,0,0,0,0,0
Navajo,0,0,0,2,0,0,0,0,0,0,0,0,0,0,0,0,2,0,0,0,0,0,2,0,0,1
Nemaha,0,0,0,0,0,0,0,0,0,0,0,7,0,0,1,0,1,0,0,0,0,10,0,0,0,0
Neosho,0,0,0,0,0,0,0,0,0,0,1,5,0,0,0,0,0,0,0,0,0,14,0,0,0,0
Ness,0,0,0,0,0,0,0,0,0,0,0,0,0,0,0,0,1,0,0,0,0,0,0,0,0,0
Nevada,0,0,12,0,0,0,0,0,0,0,0,0,0,0,0,0,0,0,0,0,0,0,0,0,0,0
Newaygo,0,0,7,0,0,0,0,0,0,0,0,0,0,0,0,0,0,0,0,2,0,0,0,0,0,0
NewCastle,0,0,0,0,0,0,0,2,0,8,2,0,3,0,0,0,0,4,8,0,0,5,3,0,0,0
NewHanover,0,0,0,0,0,0,0,0,0,3,2,0,0,0,0,0,0,0,0,0,0,0,2,0,0,0
NewHaven,0,0,3,0,0,0,0,0,0,5,9,0,1,0,0,0,0,0,4,0,0,13,4,0,0,0
NewKent,0,0,0,0,0,0,0,0,0,0,0,0,0,0,0,0,0,0,0,0,0,0,1,0,0,0
NewLondon,2,0,8,0,0,0,0,0,2,3,2,0,4,0,2,0,0,0,2,0,0,25,15,0,0,0
NewMadrid,0,0,0,2,0,0,0,0,0,0,0,0,0,0,0,0,0,0,0,0,0,0,0,0,0,0
Newport,0,0,0,0,0,0,0,0,0,2,0,0,0,0,0,0,1,0,0,0,0,0,2,0,0,0
Newton,0,0,2,0,0,0,0,0,0,8,0,0,0,0,0,0,0,0,0,0,0,0,0,0,0,0
NewYork,0,0,0,0,0,0,0,0,0,3,6,4,2,0,0,0,0,0,2,0,0,66,0,0,0,0
NezPerce,0,0,0,0,0,0,0,0,0,0,0,0,0,0,0,0,0,0,0,0,0,0,0,0,0,4
Niagara,0,0,14,0,0,0,12,11,2,6,0,0,0,0,0,0,0,0,0,0,0,0,2,0,0,0
Nicholas,0,0,2,0,0,0,0,0,0,0,0,0,0,0,0,0,0,0,0,0,0,0,0,0,0,0
Nicollet,0,0,0,0,0,0,0,0,0,0,0,0,0,0,0,0,0,0,0,0,0,0,11,0,0,0
Noble,0,0,0,2,0,0,0,0,0,0,0,0,0,0,0,0,1,0,0,0,0,0,0,0,0,0
Nobles,0,0,0,0,0,0,0,0,0,0,0,0,0,0,0,0,15,0,0,0,0,8,0,0,0,0
Nodaway,0,0,0,0,0,0,0,0,0,0,2,0,0,0,0,0,3,0,0,0,0,0,0,0,0,0
Nolan,1,0,0,0,0,0,0,0,0,0,0,0,0,0,0,0,14,0,0,0,0,0,1,0,0,0
Nome,0,0,0,0,0,0,0,0,0,0,0,0,0,0,0,0,3,0,0,0,0,33,0,0,0,0
Norfolk,2,0,0,0,0,0,0,0,0,10,4,5,0,0,0,0,0,0,1,0,0,7,19,0,0,0
NorfolkCity,0,0,0,0,0,0,0,0,0,0,0,0,0,0,0,0,0,0,0,0,0,0,1,0,0,0
Norman,0,0,0,0,0,0,0,0,0,0,0,0,0,0,0,0,0,0,0,0,0,2,0,0,0,0
Northampton,0,0,0,1,0,0,0,5,0,11,4,0,2,0,0,0,0,0,0,0,0,9,20,0,0,0
NorthSlope,0,0,0,0,0,0,0,0,0,0,9,10,0,0,0,0,0,0,0,0,0,31,0,0,0,0
Northumberland,0,0,0,1,0,0,0,0,0,0,0,0,0,0,0,0,0,0,0,0,0,0,0,0,0,0
NORTHWESTARCTIC,1,0,0,0,0,0,0,0,0,0,0,0,0,0,0,0,11,0,0,0,0,29,0,0,0,0
Nueces,0,0,0,0,0,0,0,0,0,9,3,0,1,0,0,0,3,0,0,0,2,0,0,0,0,0
Nye,0,0,0,0,0,0,0,0,0,0,0,0,0,0,0,0,0,0,0,0,0,0,2,1,0,0
O'Brien,0,0,0,0,0,0,0,0,0,0,0,0,0,0,0,0,10,0,0,0,0,2,0,0,0,0
Oakland,0,0,0,0,0,0,0,2,0,0,4,0,0,0,0,0,0,0,0,0,0,12,0,0,0,0
Ocean,1,0,0,0,0,0,0,12,0,3,4,0,0,0,0,0,0,0,0,3,0,7,8,0,0,0
Oceana,0,0,0,0,0,0,0,0,0,0,0,1,0,0,0,0,0,0,0,0,0,2,0,0,0,0
Ochiltree,0,0,0,0,0,0,0,0,0,0,0,0,0,0,0,0,1,0,0,0,0,0,0,0,0,0
Oconee,0,0,0,0,0,0,4,0,0,0,0,0,0,0,3,0,0,0,0,0,0,6,0,0,0,0
Oconto,0,0,7,0,0,0,0,0,0,0,0,0,0,0,0,0,0,0,0,0,0,0,0,0,0,0
Ogle,0,0,0,0,0,0,0,9,0,0,1,7,0,0,2,0,0,0,0,0,0,9,1,0,0,0
Ohio,0,0,0,1,0,0,0,0,0,0,0,0,0,0,0,0,0,0,0,0,0,0,0,0,0,0
Okaloosa,0,0,0,0,0,0,0,0,0,0,0,0,0,0,0,0,0,0,0,0,0,0,1,0,0,0
Okeechobee,0,0,0,0,0,0,0,0,0,4,0,0,0,0,0,0,0,0,0,0,0,0,2,0,0,0
Okfuskee,0,0,0,0,0,0,0,0,0,0,2,0,0,0,0,0,0,0,0,0,0,1,0,0,0,0
Oklahoma,0,0,0,0,0,0,0,0,0,10,4,0,3,0,0,0,0,0,0,0,0,0,0,0,0,0
Oldham,0,0,0,0,0,0,0,0,0,0,3,0,0,0,0,0,5,0,0,0,0,0,0,0,0,0
Oliver,0,0,0,2,0,0,0,0,0,0,0,0,0,0,0,0,2,0,0,0,0,0,0,0,0,0
Olmsted,0,0,0,0,0,0,0,0,3,0,3,7,4,0,0,0,0,0,0,2,0,12,7,0,0,0
Oneida,0,0,13,1,0,0,0,2,0,2,0,4,1,0,0,0,0,0,0,0,0,1,8,0,0,0
Onondaga,1,0,0,0,0,0,0,0,1,5,0,0,0,0,0,0,0,0,0,0,0,0,5,0,0,0
Onslow,0,0,0,0,0,0,0,1,0,0,0,0,0,0,0,0,0,0,0,0,0,0,1,0,0,0
Ontario,0,0,0,0,0,0,0,11,0,0,0,0,0,0,0,0,2,0,0,0,0,0,8,0,0,0
Ontonagon,0,0,2,0,0,0,0,0,0,0,0,0,0,0,0,0,0,0,0,0,0,0,0,0,0,0
Orange,19,0,11,3,0,0,0,17,0,21,11,3,11,0,0,0,0,4,4,9,0,6,45,0,0,1
Orangeburg,0,0,0,0,0,0,0,0,0,0,4,0,1,0,0,0,0,0,0,0,0,2,6,0,0,0
Orleans,1,0,10,0,0,0,0,5,0,0,1,0,0,0,0,0,1,0,0,0,0,0,8,0,0,0
Osage,0,0,0,0,0,0,0,3,0,0,0,11,0,0,0,0,1,0,0,0,0,6,0,0,0,0
Osborne,0,0,0,0,0,0,0,0,0,0,0,3,0,0,0,0,0,0,0,0,0,3,0,0,0,0
Osceola,0,0,0,0,0,0,0,6,0,6,14,0,1,0,0,0,6,0,0,0,0,12,2,0,0,0
Oscoda,0,0,2,0,0,0,0,0,0,0,0,0,0,0,0,0,0,0,0,0,0,0,0,0,0,0
Oswego,1,0,32,0,0,0,0,0,2,8,0,0,0,0,3,0,0,0,0,0,0,2,3,0,0,0
Otero,0,0,0,0,0,0,0,0,0,0,0,0,0,0,0,0,0,0,0,0,0,5,3,0,0,0
Otoe,0,0,0,2,0,0,0,0,0,0,0,10,0,0,0,0,0,0,0,0,0,2,0,0,0,0
Otsego,0,0,2,0,0,0,0,0,0,0,9,0,0,0,0,0,0,0,0,0,0,5,1,0,0,0
Ottawa,0,0,0,3,0,0,0,12,0,6,2,18,0,0,1,0,0,0,0,2,0,5,1,0,0,0
OtterTail,0,0,1,2,0,0,0,0,0,0,0,0,0,0,0,0,1,0,0,0,0,3,1,0,0,0
Ouachita,0,0,0,0,0,0,0,0,0,9,3,0,1,0,0,0,0,0,0,0,0,0,0,0,0,2
Ouray,0,0,2,0,0,0,0,0,0,0,0,0,0,0,0,0,0,0,0,0,0,0,0,0,0,0
Outagamie,0,0,19,1,0,0,0,4,0,5,2,0,0,0,0,0,0,0,0,0,0,0,0,0,0,3
Owyhee,0,0,3,0,0,0,0,0,0,0,0,0,0,0,0,0,0,0,0,0,0,0,1,0,0,0
Oxford,0,0,7,0,0,0,0,0,0,2,0,0,1,0,0,0,3,0,0,0,0,0,0,0,0,1
Ozaukee,0,0,0,0,0,0,0,0,0,6,0,0,0,0,0,0,0,0,0,0,0,0,0,0,0,0
Page,0,0,6,0,0,0,0,0,0,0,0,0,0,0,0,0,0,0,0,0,0,10,0,0,0,0
PalmBeach,0,0,0,0,0,0,0,0,2,18,0,0,1,0,0,0,0,0,0,2,0,6,1,0,0,0
PaloAlto,0,0,0,0,0,0,0,0,0,0,0,0,0,0,0,0,3,0,0,0,0,7,0,0,0,0
PaloPinto,0,0,0,0,0,0,0,0,0,0,2,0,3,0,0,0,0,0,0,0,0,0,0,0,0,0
Pamlico,0,0,0,0,0,0,0,0,0,0,0,0,0,0,0,0,0,0,0,0,0,0,1,0,0,0
Panola,0,0,0,0,0,0,0,0,0,6,0,0,0,0,0,0,0,0,0,0,0,0,0,0,0,0
Park,0,0,8,0,0,0,0,0,0,0,0,0,0,0,0,0,0,2,0,0,0,0,0,0,0,0
Parker,0,0,0,0,0,0,0,2,0,0,0,0,0,0,0,0,0,0,0,0,0,0,0,0,0,0
Parmer,0,0,0,0,0,0,0,0,0,0,0,0,0,0,0,0,1,0,0,0,0,0,0,0,0,0
Pasco,0,0,0,0,0,0,0,0,1,0,3,0,2,0,0,0,0,0,0,0,0,0,0,0,0,0
Pasquotank,0,0,0,0,0,0,0,0,0,0,0,0,0,0,0,0,0,0,0,0,0,0,3,0,0,0
Passaic,0,0,7,0,0,0,0,0,0,0,1,2,0,0,0,0,0,0,0,0,0,9,2,0,0,0
Patrick,0,0,3,0,0,0,0,0,0,0,0,0,0,0,0,0,0,0,0,0,0,0,0,0,0,0
Paulding,0,0,0,0,0,0,0,0,0,0,0,0,0,0,0,0,10,0,0,0,0,0,0,0,0,0
Pawnee,0,0,0,0,0,0,0,0,0,0,0,0,0,0,0,0,0,0,0,0,0,6,0,0,0,0
Payette,0,0,0,0,0,0,0,0,0,2,0,0,0,0,0,0,0,0,0,0,0,0,0,0,0,0
Payne,0,0,0,0,0,0,0,0,0,0,0,3,0,0,0,0,0,0,0,0,0,15,0,0,0,0
Pecos,1,0,0,0,0,0,0,0,0,0,0,0,0,0,0,0,6,0,0,0,0,0,7,0,0,0
Pembina,0,0,0,1,0,0,0,0,0,0,0,0,0,0,0,0,1,0,0,0,0,0,0,0,0,0
Pender,0,0,0,0,0,0,0,0,0,0,0,0,0,0,0,0,0,0,0,0,0,0,8,0,0,0
Pendleton,0,0,0,0,0,0,0,4,0,0,0,0,0,0,0,0,0,0,0,0,0,0,0,0,0,0
PendOreille,0,0,10,0,0,0,0,0,0,0,0,0,0,0,0,0,0,0,0,0,0,0,0,0,0,0
Pennington,0,0,2,0,0,0,0,0,0,0,5,0,0,0,0,0,0,0,0,0,0,9,0,0,0,0
Penobscot,2,0,59,0,0,0,0,2,1,3,1,0,0,0,0,0,3,0,0,0,0,0,0,0,0,3
Peoria,0,0,0,2,0,0,0,0,0,0,2,0,0,0,0,0,0,0,0,0,0,0,0,0,0,0
Perquimans,0,0,0,0,0,0,0,0,0,0,0,0,0,0,0,0,1,0,0,0,0,0,8,0,0,0
Perry,0,0,0,0,0,0,0,7,0,0,8,0,0,0,0,0,0,0,0,0,0,0,2,0,0,2
Pershing,0,0,0,0,0,2,0,0,0,0,0,0,0,0,0,0,0,0,0,0,0,0,0,0,0,0
Person,0,0,0,5,0,0,0,0,0,0,0,0,0,0,0,0,0,0,0,0,0,0,7,0,0,1
Phelps,0,0,0,0,0,0,0,0,0,0,0,0,0,0,0,0,0,0,0,0,0,0,1,0,0,0
Philadelphia,0,0,0,0,0,0,0,0,0,0,1,15,2,0,0,0,0,0,0,4,0,12,1,0,0,0
Phillips,0,0,0,0,0,0,0,0,0,0,0,0,1,0,0,0,0,0,0,0,0,0,0,0,0,0
Piatt,0,0,0,0,0,0,0,0,0,0,6,0,0,0,0,0,0,0,0,0,0,0,0,0,0,0
Pickaway,0,0,0,0,0,0,0,0,0,0,6,0,0,0,0,0,0,0,0,0,0,0,0,0,0,0
Pickens,0,0,2,0,0,0,4,0,0,0,2,0,0,0,0,0,0,0,0,0,0,0,0,0,0,0
Pierce,0,0,11,0,0,0,0,3,0,2,2,0,0,0,0,0,1,0,0,0,0,5,0,0,0,1
Pike,0,0,3,4,0,0,0,2,0,0,4,0,0,0,0,0,1,0,0,0,0,4,0,0,0,0
Pima,2,0,0,0,0,0,0,0,0,2,7,10,2,0,0,0,0,0,0,0,0,0,25,0,0,0
Pinal,1,0,0,0,0,0,0,0,0,3,25,1,0,0,0,0,0,0,0,0,0,1,8,0,0,0
Pine,0,0,0,0,0,0,0,0,0,0,0,0,0,0,0,0,0,0,0,0,0,1,0,0,0,0
Pinellas,0,0,0,0,0,0,0,0,2,5,2,0,0,0,0,0,0,0,0,0,0,6,1,0,0,0
Pipestone,0,0,0,0,0,0,0,0,0,0,0,0,0,0,0,0,27,0,0,0,0,0,12,0,0,0
Piscataquis,0,0,0,0,0,0,0,0,0,0,0,0,0,0,0,0,1,0,0,0,0,0,0,0,0,0
Pitt,0,0,0,0,0,0,0,0,0,0,1,0,0,0,0,0,0,0,0,3,0,7,7,0,0,0
Pittsburg,0,0,0,0,0,0,0,0,0,6,0,0,0,0,0,0,0,0,0,0,0,0,0,0,0,0
Pittsylvania,0,0,7,0,0,0,3,0,0,0,0,0,0,0,0,0,0,0,0,0,0,1,2,0,0,0
Placer,0,0,18,0,0,0,0,6,0,3,2,0,0,0,0,0,0,0,0,0,0,6,1,0,0,2
Plaquemines,0,0,0,0,0,0,0,0,0,0,5,0,0,0,0,0,0,2,0,0,0,0,0,0,0,0
Platte,0,0,10,6,0,0,0,0,0,0,0,0,0,0,0,0,4,0,0,0,0,0,0,0,0,0
Pleasants,0,0,2,2,0,0,0,0,0,0,2,0,0,0,0,0,0,0,0,0,0,0,0,0,0,0
Plumas,0,0,15,0,0,0,0,0,0,0,0,0,0,0,0,0,0,0,0,0,0,0,0,0,0,1
Plymouth,1,0,0,0,0,0,0,0,2,0,0,0,0,0,0,0,5,0,0,0,0,0,44,0,0,0
Pocahontas,0,0,0,0,0,0,0,0,0,0,0,0,0,0,0,0,5,0,0,0,0,7,0,0,0,0
PointeCoupee,0,0,0,2,0,0,0,0,0,0,2,6,3,0,0,0,0,0,0,0,0,0,0,0,0,0
Polk,1,1,23,6,0,0,0,11,0,34,25,0,0,0,0,0,1,0,0,4,1,32,15,0,0,0
Pope,0,0,4,0,0,0,0,0,0,0,0,0,0,0,2,0,0,0,0,0,0,0,18,0,0,0
Portage,0,0,20,0,0,0,0,0,0,0,2,0,1,0,0,0,0,0,0,0,0,0,0,0,0,0
Porter,0,0,0,0,0,0,0,0,0,0,1,0,1,0,0,0,0,3,0,0,0,0,2,0,0,0
PortsmouthCity,0,0,0,0,0,0,0,0,3,0,0,0,0,0,0,0,0,0,0,0,0,0,0,0,0,0
Posey,0,0,0,2,0,0,0,0,0,0,3,0,0,0,0,0,0,0,0,0,0,0,0,0,0,0
Pottawatomie,0,0,0,3,0,0,0,0,0,0,0,9,0,0,0,0,0,0,0,0,0,0,0,0,0,0
Pottawattamie,0,0,0,2,0,0,0,0,0,0,0,0,0,0,0,0,1,0,0,0,0,0,0,0,0,0
Potter,0,0,0,3,0,0,0,0,0,0,0,0,3,0,0,0,1,0,0,0,0,0,0,0,0,0
Power,0,0,3,0,0,0,0,0,0,0,0,0,0,0,0,0,3,0,0,0,0,0,2,0,0,0
Poweshiek,0,0,0,0,0,0,0,0,0,0,0,2,0,0,0,0,4,0,0,0,0,7,0,0,0,0
Powhatan,0,0,0,0,0,0,0,0,0,0,0,0,0,0,0,0,0,0,0,0,0,0,2,0,0,0
Pratt,0,0,0,0,0,0,0,0,0,0,0,2,1,0,0,0,4,0,0,0,0,1,1,0,0,0
Presidio,1,0,0,0,0,0,0,0,0,0,0,0,0,0,0,0,0,0,0,0,0,0,1,0,0,0
PRICE,0,0,5,0,0,0,0,0,0,0,0,0,0,0,0,0,0,0,0,0,0,0,1,0,0,1
PrinceGeorge,0,0,0,0,0,0,0,0,0,3,0,0,0,0,0,0,0,0,0,0,0,0,1,0,0,0
PrinceGeorges,0,0,0,2,0,0,0,7,0,6,7,0,3,0,0,0,0,0,0,0,0,2,12,0,0,0
PrinceofWalesKetchikan,0,0,6,0,0,0,0,0,0,0,0,0,0,0,0,0,0,0,0,0,0,13,0,0,0,0
PrinceWilliam,0,0,0,0,0,0,0,5,0,3,0,0,0,0,0,0,0,0,0,0,0,33,0,0,0,0
Providence,0,0,5,0,0,0,0,9,0,17,2,1,5,0,0,0,8,0,0,1,0,0,19,0,0,0
Prowers,0,0,0,0,0,0,0,0,0,0,0,0,0,0,0,0,4,0,0,0,0,5,0,0,0,0
Pueblo,0,0,2,3,0,0,0,0,0,6,3,0,0,0,0,0,1,0,0,0,0,8,3,0,0,0
Pulaski,0,0,7,2,0,0,0,24,0,9,0,0,0,0,0,0,0,0,0,1,0,0,1,0,0,0
Pushmataha,0,0,0,0,0,0,0,0,0,0,0,0,0,0,0,0,1,0,0,0,0,0,0,0,0,0
Putnam,0,0,3,5,0,0,0,0,0,0,0,2,1,0,0,0,1,0,0,0,0,12,5,0,0,2
Quay,1,0,0,0,0,0,0,0,0,0,0,0,0,0,0,0,5,0,0,0,0,1,1,0,0,0
QueenAnnes,0,0,0,0,0,0,0,0,0,0,0,0,0,0,0,0,0,0,0,0,0,0,6,0,0,0
Queens,0,0,0,0,0,0,0,0,0,14,26,0,7,0,0,0,0,0,1,0,0,15,0,0,0,0
Rabun,0,0,6,0,0,0,0,0,0,0,0,0,0,0,0,0,0,0,0,0,0,0,0,0,0,1
Racine,0,0,0,0,0,0,0,1,0,0,1,0,0,0,0,0,2,0,0,0,0,0,0,0,0,0
Raleigh,0,0,0,0,0,0,0,2,0,0,0,0,0,0,0,0,0,0,0,0,0,0,0,0,0,0
Ralls,0,0,1,0,0,0,1,0,0,0,0,0,0,0,0,0,0,0,0,0,0,0,0,0,0,0
Ramsey,0,0,4,0,0,0,0,0,0,3,0,0,0,0,0,0,0,0,0,0,0,1,0,0,0,1
Randall,0,0,0,0,0,0,0,0,0,0,0,0,0,0,0,0,3,0,0,0,0,0,0,0,0,0
Randolph,0,0,2,5,0,0,0,0,0,0,0,0,0,0,0,0,3,0,0,0,0,7,9,0,0,0
Ransom,0,0,0,0,0,0,0,0,0,0,0,0,0,0,0,0,0,0,0,2,0,0,0,0,0,0
Rapides,0,0,0,1,0,0,0,0,0,0,0,7,1,0,0,0,0,0,0,0,1,0,0,0,0,0
Reagan,0,0,0,0,0,0,0,0,0,0,0,0,0,0,0,0,1,0,0,0,0,0,0,0,0,0
Real,0,0,0,0,0,0,0,0,0,0,0,0,0,0,0,0,0,0,0,0,0,0,1,0,0,0
RedLake,0,0,0,0,0,0,0,0,0,0,0,0,0,0,0,0,1,0,0,0,0,0,1,0,0,0
RedRiver,0,0,0,0,0,0,0,0,0,0,0,0,0,0,0,0,0,0,0,0,0,0,0,0,0,0
RedWillow,0,0,0,0,0,0,0,0,0,0,0,0,0,0,0,0,0,0,0,0,0,1,0,0,0,0
Redwood,0,0,1,0,0,0,0,0,0,0,0,1,0,0,0,0,2,0,0,0,0,4,6,0,0,0
Reeves,1,0,0,0,0,0,0,0,0,0,0,0,0,0,0,0,0,0,0,0,0,0,1,0,0,0
Reno,0,0,0,0,0,0,0,0,0,0,3,0,0,0,0,0,0,0,0,0,0,2,1,0,0,0
Rensselaer,0,0,9,0,1,0,0,0,0,7,0,5,0,0,0,0,0,0,0,0,0,1,4,0,0,0
Renville,0,0,0,1,0,0,0,0,0,0,0,0,0,0,0,0,0,0,0,0,0,1,7,0,0,0
Republic,0,0,0,0,0,0,0,0,0,0,0,4,0,0,0,0,0,0,0,0,0,1,0,0,0,0
Reynolds,0,0,0,0,0,0,2,0,0,0,0,0,0,0,0,0,0,0,0,0,0,0,0,0,0,0
Rhea,0,0,5,0,0,0,0,0,0,0,0,0,0,0,2,0,0,0,0,0,0,0,0,0,0,0
Rice,0,0,0,0,0,0,0,0,0,2,0,0,0,0,0,0,3,0,0,0,0,12,22,0,0,0
Rich,0,0,0,0,0,0,0,0,0,0,0,0,0,0,0,0,0,0,0,0,0,0,1,0,0,0
Richardson,0,0,0,0,0,0,0,0,0,0,0,7,0,0,0,0,1,0,0,0,0,2,0,0,0,0
Richland,0,0,7,5,0,0,0,3,0,0,6,2,0,0,0,0,0,0,0,2,0,6,1,0,0,2
Richmond,0,0,7,0,0,0,0,0,0,6,13,0,3,0,0,0,0,0,0,0,0,7,12,0,0,2
RichmondCity,0,0,0,2,0,0,0,0,0,0,0,0,2,0,0,0,0,0,0,0,0,0,0,0,0,0
RioArriba,0,0,4,0,0,0,0,0,0,0,0,0,0,0,0,0,0,0,0,0,0,0,2,0,0,0
RioBlanco,0,0,1,0,0,0,0,0,0,0,0,0,0,0,0,0,0,0,0,0,0,0,1,0,0,0
RioGrande,0,0,0,0,0,0,0,0,0,0,0,0,0,0,0,0,0,0,0,0,0,0,1,0,0,0
Riverside,0,0,14,0,0,0,0,0,0,5,23,1,0,0,0,0,26,0,0,1,0,0,77,0,2,1
Roane,0,0,0,9,0,0,0,0,0,0,0,0,0,0,0,0,0,0,0,0,0,0,0,0,0,0
Roanoke,0,0,2,0,0,0,0,0,0,0,0,0,0,0,0,0,0,0,0,0,0,0,0,0,0,0
Roberts,0,0,0,0,0,0,0,0,0,0,0,0,0,0,0,0,1,0,0,0,0,0,0,0,0,0
Robertson,0,0,0,4,0,0,0,0,0,0,0,0,0,0,0,0,0,0,0,0,0,0,0,0,0,0
Robeson,0,0,0,0,0,0,0,2,0,0,0,0,0,0,0,0,0,0,0,0,0,4,41,0,0,1
Rock,1,0,0,0,0,0,0,3,0,6,0,2,0,0,0,0,4,0,0,0,0,2,1,0,0,0
Rockdale,0,0,1,0,0,0,0,0,0,0,0,0,0,0,0,0,0,0,0,0,0,0,0,0,0,0
Rockingham,0,0,3,2,0,0,0,0,0,9,6,2,3,0,1,0,0,0,0,1,0,11,7,0,0,1
RockIsland,0,0,8,0,0,0,0,0,0,3,4,0,0,0,2,0,0,0,0,0,0,0,0,0,0,0
Rockland,1,0,0,0,0,0,0,0,0,5,1,4,2,0,0,0,0,0,0,0,0,5,3,0,0,0
RogerMills,0,0,0,0,0,0,0,0,0,0,0,0,0,0,0,0,4,0,0,0,0,0,0,0,0,0
Rogers,0,0,0,1,0,0,0,0,0,3,0,0,1,0,0,0,0,0,0,0,0,1,0,0,0,0
Rolette,0,0,0,0,0,0,0,0,0,0,0,0,0,0,0,0,1,0,0,0,0,0,0,0,0,0
Rooks,0,0,0,0,0,0,0,0,0,0,0,4,0,0,0,0,0,0,0,0,0,0,0,0,0,0
Roosevelt,0,0,0,0,0,0,0,0,0,0,1,0,0,0,0,0,4,0,0,0,0,0,0,0,0,0
Rosebud,0,0,0,3,0,0,0,0,0,0,0,0,0,0,0,0,0,0,0,0,0,0,0,0,0,0
Ross,0,0,0,0,0,0,0,0,0,0,0,0,1,0,0,0,0,0,0,0,0,0,0,0,0,3
Routt,0,0,0,2,0,0,0,0,0,0,0,0,0,0,0,0,0,0,0,0,0,0,0,0,0,0
Rowan,0,0,0,0,0,0,0,1,0,6,3,0,0,0,0,0,0,0,0,0,0,1,11,0,0,0
Rush,0,0,0,0,0,0,0,0,0,0,0,0,0,0,0,0,1,0,0,0,0,4,0,0,0,0
Rusk,0,0,11,3,0,0,0,5,0,4,0,0,0,0,0,0,0,0,0,0,0,0,1,0,0,0
Russell,0,0,6,0,0,0,0,0,0,0,3,3,2,0,0,0,0,0,0,0,0,2,0,0,0,2
Rutherford,0,0,2,0,0,0,0,0,0,0,1,0,0,0,0,0,0,0,0,0,0,1,9,0,0,0
Rutland,1,0,10,0,0,0,0,0,0,0,0,0,0,0,0,0,0,0,0,0,0,1,6,0,0,0
Sac,0,0,0,0,0,0,0,0,0,0,0,0,0,0,0,0,1,0,0,0,0,0,0,0,0,0
Sacramento,0,0,5,0,0,0,0,3,0,10,3,0,1,0,0,0,0,0,0,0,0,2,45,0,0,0
Sagadahoc,0,0,4,0,0,0,0,0,0,0,0,0,0,0,0,0,0,0,0,0,0,0,0,0,0,0
Saginaw,0,0,0,0,0,0,0,1,0,0,0,0,0,0,0,0,0,0,0,0,0,0,2,0,0,0
Saguache,0,0,0,0,0,0,0,0,0,0,0,0,0,0,0,0,0,0,0,0,0,2,1,0,0,0
Salem,0,0,0,1,0,0,0,0,0,2,0,0,0,0,3,0,0,0,0,0,0,1,2,0,0,0
SalemCity,0,0,0,0,0,0,0,0,0,0,0,0,0,0,0,0,0,0,0,0,0,3,0,0,0,0
Saline,0,0,0,0,0,0,0,0,0,0,1,3,0,0,0,0,2,0,0,0,0,6,2,0,0,0
SaltLake,0,0,4,0,0,0,0,6,0,0,15,3,3,0,0,0,0,0,0,0,0,0,2,0,0,0
Saluda,0,0,0,0,0,0,0,0,0,0,0,0,0,0,0,0,0,0,0,0,0,0,2,0,0,0
Sampson,0,0,0,0,0,0,0,6,0,0,0,0,0,0,0,0,0,0,0,0,0,0,11,0,0,0
SanBenito,0,0,0,0,0,0,0,0,0,0,0,0,0,0,0,0,0,0,0,0,0,0,3,0,0,0
SanBernardino,3,0,22,3,0,0,0,0,0,12,22,10,0,0,0,0,5,0,8,0,0,2,177,0,12,0
Sanders,0,0,12,0,0,0,0,0,0,0,0,0,0,0,0,0,0,0,0,0,0,0,0,0,0,0
SanDiego,15,0,6,0,0,0,2,12,0,14,31,4,0,0,0,0,3,0,5,6,0,4,29,0,0,0
Sandoval,0,0,0,0,0,0,0,0,0,0,0,0,3,0,0,0,1,0,0,0,0,0,5,0,0,0
Sandusky,0,0,0,0,0,0,0,0,0,3,0,1,0,0,0,0,0,0,0,0,0,0,1,0,0,0
SanFrancisco,0,0,0,0,0,0,0,0,0,3,0,6,0,0,0,0,0,0,2,1,0,0,1,0,0,0
Sangamon,0,0,0,2,0,0,0,0,0,0,1,0,0,0,0,0,0,0,0,0,0,5,0,0,0,0
Sanilac,0,0,0,0,0,0,0,0,0,0,0,0,1,0,0,0,2,0,0,0,0,5,0,0,0,0
SanJacinto,0,0,0,0,0,0,0,0,0,0,2,0,0,0,0,0,0,0,0,0,0,0,0,0,0,0
SanJoaquin,0,0,3,0,0,0,0,4,0,5,5,0,0,0,0,0,2,0,1,3,0,1,6,0,0,1
SanJuan,0,0,2,4,0,0,0,0,0,2,0,0,0,0,0,0,1,0,0,0,0,0,0,0,0,0
SanLuisObispo,0,0,2,0,0,0,0,1,0,0,1,0,0,0,2,0,0,1,0,0,0,0,18,0,0,0
SanMateo,1,0,0,0,0,0,0,6,0,0,1,0,0,0,0,0,0,0,1,1,0,0,1,0,0,0
SanMiguel,0,0,1,0,0,0,0,0,0,0,0,0,0,0,0,0,0,0,0,0,0,0,4,0,0,0
SanPatricio,0,0,0,0,0,0,0,0,0,5,0,0,0,0,0,0,4,1,0,0,0,0,0,0,0,0
Sanpete,0,0,7,0,0,0,0,0,0,0,0,0,0,0,0,0,0,0,0,0,0,0,0,0,0,0
SantaBarbara,0,0,0,0,0,0,0,2,0,2,1,0,0,0,0,0,0,0,0,0,0,0,2,0,0,0
SantaClara,2,0,0,0,0,0,0,1,0,15,8,9,0,0,0,0,0,0,41,6,0,71,7,0,0,0
SantaCruz,0,0,0,0,0,0,0,4,0,0,5,0,0,0,0,0,0,0,0,0,0,0,1,0,0,0
SantaFe,0,0,0,0,0,0,0,0,0,0,0,0,0,0,0,0,0,0,0,0,0,0,1,0,0,0
SantaRosa,0,0,0,0,0,0,0,0,0,2,3,0,0,0,0,0,0,0,0,0,0,0,1,0,0,0
Sarasota,0,0,0,0,0,0,0,4,0,0,0,0,0,0,0,0,0,0,0,0,0,0,0,0,0,0
Saratoga,1,0,44,0,0,0,0,0,0,2,0,0,0,0,0,0,0,0,0,0,0,0,10,0,0,0
Sarpy,0,0,0,0,0,0,0,0,0,0,5,0,0,0,0,0,0,0,0,3,0,1,0,0,0,0
Sauk,0,0,8,0,0,0,0,0,0,0,0,0,0,0,0,0,0,0,0,0,0,0,0,0,0,0
Saunders,0,0,0,0,0,0,0,0,0,0,0,5,0,0,0,0,0,0,0,0,0,1,0,0,0,0
Sawyer,0,0,6,0,0,0,0,0,0,0,0,0,0,0,0,0,0,0,0,0,0,2,0,0,0,0
Schenectady,0,0,0,0,0,0,0,0,0,0,0,0,0,0,0,0,0,0,0,0,0,0,2,0,0,0
Schleicher,0,0,0,0,0,0,0,0,0,0,0,0,0,0,0,0,1,0,0,0,0,0,0,0,0,0
Schoharie,0,0,0,0,0,0,4,0,0,0,0,0,0,0,0,0,0,0,0,0,0,0,1,0,0,0
Schoolcraft,0,0,0,0,0,0,0,0,0,0,0,0,0,0,0,0,0,0,0,0,0,2,0,0,0,0
Schuyler,0,0,0,0,0,0,0,0,0,0,0,0,0,0,0,0,1,0,0,0,0,0,2,0,0,0
Schuylkill,0,0,0,3,0,0,0,2,0,0,0,0,0,0,0,0,2,0,0,0,0,20,1,0,0,0
Scioto,0,0,3,0,0,0,0,0,0,0,0,0,0,0,0,0,0,1,0,0,0,0,0,0,0,0
Scotland,0,0,0,0,0,0,0,0,0,0,0,0,0,0,0,0,0,0,0,0,0,10,14,0,0,0
Scott,0,0,0,1,0,0,0,2,0,0,8,5,1,0,0,0,0,0,0,4,0,4,10,0,0,0
ScottsBluff,0,0,0,1,0,0,0,0,0,0,0,0,0,0,0,0,0,0,0,0,0,0,1,0,0,0
Scurry,0,0,0,0,0,0,0,0,0,3,0,0,0,0,0,0,6,0,0,0,0,0,0,0,0,0
Sedgwick,0,0,0,0,0,0,0,0,0,0,4,0,0,0,0,0,0,0,0,0,0,8,0,0,0,0
Seminole,0,0,0,0,0,0,0,3,0,0,0,0,3,0,0,0,0,0,0,0,0,0,3,0,0,0
Seneca,0,0,6,0,0,0,0,18,0,0,0,0,1,0,0,0,0,0,0,0,0,0,1,0,0,0
Sequoyah,0,0,6,0,0,0,0,0,0,0,0,0,0,0,0,0,0,0,0,0,0,0,0,0,0,0
Sevier,0,0,4,0,0,0,0,0,0,0,0,0,0,0,0,0,0,0,0,0,0,0,0,0,0,0
Seward,0,0,0,0,0,0,0,0,0,0,1,0,2,0,0,0,1,0,0,0,0,0,0,0,0,0
Shackelford,0,0,0,0,0,0,0,0,0,0,0,0,0,0,0,0,3,0,0,0,0,0,0,0,0,0
Shasta,0,0,51,0,0,0,0,0,0,3,3,0,0,0,0,0,1,0,0,0,0,0,2,0,0,6
Shawnee,0,0,0,0,0,0,0,7,0,0,0,0,0,0,0,0,0,0,0,0,0,0,0,0,0,0
Sheboygan,0,0,0,1,0,0,0,0,0,0,2,0,0,0,0,0,0,0,0,0,0,0,0,0,0,0
Shelby,0,0,0,1,0,0,0,0,0,6,28,0,5,0,0,0,0,0,0,0,0,17,4,0,0,0
Sherburne,0,0,0,3,0,0,0,4,0,0,1,0,0,0,0,0,0,0,0,0,0,4,24,0,0,0
Sheridan,0,0,0,0,0,0,0,0,0,0,3,0,0,0,0,0,0,0,0,0,0,0,0,0,0,0
Sherman,0,0,16,0,0,0,0,0,0,0,0,7,0,0,0,0,12,0,0,0,0,1,1,0,0,0
Shiawassee,0,0,0,0,0,0,0,10,0,0,0,0,0,0,0,0,0,0,0,0,0,0,1,0,0,0
Sibley,0,0,0,0,0,0,0,0,0,0,0,0,0,0,0,0,0,0,0,0,0,0,3,0,0,0
Sierra,0,0,7,0,0,0,0,0,0,0,0,0,0,0,0,0,0,0,0,0,0,0,2,0,0,1
SilverBow,0,0,0,0,0,0,0,0,0,0,0,9,0,0,0,0,0,0,0,0,0,0,0,0,0,0
Siskiyou,0,0,10,0,0,0,0,0,0,0,0,0,0,0,0,0,0,0,0,0,0,0,0,0,0,1
Sitka,0,0,5,0,0,0,0,0,0,0,0,0,0,0,0,0,0,0,0,0,0,5,0,0,0,0
Skagit,0,0,2,0,0,0,0,0,0,0,7,0,0,0,0,0,0,0,0,0,0,0,0,0,0,1
SkagwayHoonahAngoon,0,0,8,0,0,0,0,0,0,0,0,0,0,0,0,0,0,0,0,0,0,13,0,0,0,0
Skamania,0,0,3,0,0,0,0,0,0,0,0,0,0,0,0,0,0,0,0,0,0,0,0,0,0,0
Smith,0,0,3,0,0,0,0,0,0,0,4,0,0,0,0,0,0,0,0,0,0,0,0,0,0,0
Snohomish,2,0,5,0,0,0,0,0,0,0,0,0,0,0,0,0,0,0,0,0,0,0,1,0,0,1
Snyder,0,0,0,0,0,0,0,0,0,4,0,0,0,0,0,0,0,0,0,0,0,3,1,0,0,0
Solano,1,0,3,0,0,0,0,6,0,0,6,3,0,0,0,0,16,0,1,0,0,0,10,0,0,0
Somerset,4,0,40,0,0,0,0,5,0,0,1,2,0,0,0,0,9,0,2,0,0,8,21,0,0,5
Somervell,0,0,0,0,0,0,0,0,0,0,0,0,0,0,2,0,0,0,0,0,0,0,0,0,0,0
Sonoma,0,0,1,0,0,18,0,10,0,0,0,0,0,0,0,0,0,0,0,4,0,0,9,0,0,0
Southampton,0,0,0,0,0,0,0,0,0,0,0,0,0,0,0,0,0,0,0,0,0,6,1,0,0,1
SoutheastFairbanks,0,0,0,0,0,0,0,0,0,0,0,0,0,0,0,0,3,0,0,0,0,17,0,0,0,0
Spalding,0,0,0,0,0,0,0,3,0,0,0,0,0,0,0,0,0,0,0,0,0,0,0,0,0,0
Spartanburg,0,0,5,0,0,0,0,3,0,0,0,0,0,0,0,0,0,0,0,0,0,5,5,0,0,0
Spencer,0,0,0,2,0,0,0,0,0,0,0,0,0,0,0,0,0,0,0,0,0,0,1,0,0,0
Spokane,0,0,11,0,0,0,0,0,1,0,1,6,0,0,0,0,0,0,0,0,0,0,0,0,0,0
Spotsylvania,0,0,0,0,0,0,0,0,0,0,0,0,0,0,0,0,0,0,0,0,0,0,3,0,0,0
Stafford,0,0,0,0,0,0,0,2,0,0,0,0,0,0,0,0,0,0,0,0,0,5,0,0,0,0
Stanislaus,0,0,9,0,0,0,0,0,1,5,8,6,0,0,0,0,0,0,0,1,0,1,5,0,0,0
Stanley,0,0,0,0,0,0,0,0,0,0,0,0,0,0,0,0,0,0,0,0,0,3,0,0,0,0
Stanly,0,0,7,0,0,0,0,0,0,0,0,0,0,0,0,0,0,0,0,0,0,3,2,0,0,0
Stanton,0,0,0,0,0,0,0,0,0,0,0,0,0,0,0,0,0,0,0,0,0,2,1,0,0,0
STARK,0,0,0,0,0,0,0,0,0,0,0,0,0,0,0,0,3,0,0,0,0,0,1,0,0,0
Starr,0,0,3,0,0,0,0,0,0,0,0,0,0,0,0,0,5,0,0,0,0,0,0,0,0,0
StBernard,0,0,0,0,0,0,0,0,0,0,0,0,3,0,0,0,0,0,0,0,0,0,0,0,0,0
StCharles,0,0,0,2,0,0,0,0,0,11,0,0,4,0,1,0,0,0,0,0,0,1,1,0,0,0
StClair,0,0,0,8,0,0,0,2,0,0,11,3,4,0,0,0,0,0,0,0,0,18,2,0,0,0
StCroix,0,0,3,0,0,0,0,0,0,0,0,0,0,0,0,0,0,0,0,0,0,0,1,0,0,0
Stearns,0,0,2,0,0,0,0,0,0,0,0,0,0,0,0,0,1,0,0,0,0,5,51,0,0,0
Steele,0,0,0,0,0,0,0,0,0,0,1,4,0,0,0,0,3,0,0,0,0,4,5,0,0,0
Stephens,0,0,3,0,0,0,0,0,0,0,0,0,0,0,0,0,1,0,0,0,0,0,0,0,0,0
Stephenson,0,0,0,0,0,0,0,0,0,0,1,0,1,0,0,0,1,0,0,0,0,0,3,0,0,0
Sterling,0,0,0,0,0,0,0,0,0,0,0,0,0,0,0,0,7,0,0,0,0,0,2,0,0,0
Steuben,0,0,0,0,0,0,0,0,0,0,0,0,0,0,0,0,5,0,0,0,0,0,2,0,0,0
Stevens,0,0,6,0,0,0,0,0,0,0,1,1,0,0,0,0,2,0,0,0,0,7,0,0,0,1
Stewart,0,0,0,2,0,0,0,0,0,0,0,0,0,0,0,0,0,0,0,0,0,0,1,0,0,0
StFrancois,0,0,0,0,0,0,0,0,0,0,0,0,0,0,0,0,0,0,0,0,0,8,1,0,0,0
Stillwater,0,0,2,0,0,0,0,0,0,0,0,0,0,0,0,0,1,0,0,0,0,0,1,0,0,0
St.James,0,0,0,0,0,0,0,0,0,0,2,0,6,0,0,0,0,0,0,0,0,0,0,0,0,0
St.Johns,0,0,0,0,0,0,0,0,0,0,0,0,0,0,0,0,0,0,0,0,0,0,1,0,0,0
St.Joseph,0,0,20,0,0,0,0,8,0,3,2,1,5,0,0,0,0,0,0,0,0,5,3,0,0,0
St.Lawrence,0,0,82,0,0,0,0,0,0,2,0,0,1,0,0,0,0,0,0,0,0,1,4,0,0,0
St.Louis,0,0,1,5,0,0,0,0,0,3,1,0,8,0,0,0,1,0,0,0,0,2,0,0,0,2
St.LouisCity,0,0,0,0,0,0,0,0,0,0,0,0,3,0,0,0,0,0,0,0,0,7,2,0,0,0
St.Lucie,0,0,0,0,0,0,0,0,0,2,0,0,0,0,2,0,0,0,0,0,0,0,2,0,0,0
St.Mary,0,0,0,0,0,0,0,0,0,2,1,0,1,0,0,0,0,0,0,0,0,0,0,0,0,0
Stoddard,0,0,0,0,0,0,0,0,0,0,1,0,0,0,0,0,0,0,0,0,0,0,0,0,0,0
Stokes,0,0,0,2,0,0,0,0,0,0,0,0,0,0,0,0,0,0,0,0,0,0,2,0,0,0
Stone,0,0,1,0,0,0,0,0,0,0,0,0,0,0,0,0,0,0,0,0,0,0,0,0,0,0
Storey,0,0,0,0,0,0,0,0,0,5,2,14,1,0,0,0,0,0,0,0,0,0,3,0,0,0
Story,0,0,0,0,0,0,0,0,0,0,1,0,6,0,0,0,9,0,0,0,0,17,1,0,0,0
Strafford,0,0,9,0,0,0,0,7,0,0,0,0,0,0,0,0,0,0,0,0,0,0,0,0,0,0
Stutsman,0,0,0,0,0,0,0,0,0,0,0,0,1,0,0,0,1,0,0,0,0,2,0,0,0,0
Suffolk,2,0,2,0,0,0,0,0,3,6,10,8,9,0,0,0,3,0,2,1,0,51,25,0,0,0
SuffolkCity,0,0,0,0,0,0,0,4,0,0,0,0,0,0,0,0,0,0,0,0,0,0,1,0,0,0
Sullivan,0,0,19,16,0,0,0,0,0,0,0,0,5,0,0,0,1,4,0,0,0,0,13,0,0,2
Summit,0,0,7,0,0,0,0,0,0,0,0,0,2,0,0,0,0,0,0,3,0,9,0,0,0,0
Sumner,0,0,4,4,0,0,0,0,0,0,9,0,1,0,0,0,1,0,0,0,0,5,0,0,0,0
Sumter,0,0,0,0,0,0,0,0,0,0,0,0,0,0,0,0,0,0,0,0,0,0,1,0,0,0
Surry,0,0,0,0,0,0,0,1,0,0,4,0,0,0,2,0,0,0,0,0,0,2,5,0,0,0
Susquehanna,0,0,0,0,0,0,0,0,0,0,0,5,0,0,0,0,0,0,0,0,0,0,0,0,0,0
Sussex,0,0,0,1,0,0,0,5,0,0,0,0,0,0,0,0,1,0,0,0,0,1,12,0,0,0
Sutter,0,0,0,0,0,0,0,0,0,3,4,0,0,0,0,0,0,0,0,0,0,0,0,0,0,0
Suwannee,0,0,0,0,0,0,0,0,0,0,2,0,0,0,0,0,0,0,0,0,0,1,2,0,0,0
Swain,0,0,3,0,0,0,0,0,0,0,0,0,0,0,0,0,0,0,0,0,0,0,0,0,0,0
SweetGrass,0,0,0,0,0,0,0,0,0,0,0,0,0,0,0,0,1,0,0,0,0,0,0,0,0,0
Sweetwater,0,0,0,12,0,0,0,0,0,0,0,0,0,0,0,0,0,0,0,0,0,0,1,0,0,0
Swift,0,0,0,0,0,0,0,0,0,0,0,0,0,0,0,0,0,0,0,0,0,5,0,0,0,0
Switzerland,0,0,3,0,0,0,0,0,0,0,0,0,0,0,0,0,0,0,0,0,0,0,0,0,0,0
Talbot,0,0,0,0,0,0,0,0,0,0,6,0,0,0,0,0,0,0,0,0,0,18,1,0,0,0
Talladega,0,0,3,0,0,0,0,0,0,0,2,0,0,0,0,0,0,0,0,0,0,0,0,0,0,1
Tallapoosa,0,0,0,0,0,0,0,0,0,3,0,0,0,0,0,0,0,0,0,0,0,0,0,0,0,0
Tama,0,0,0,0,0,0,0,0,0,0,0,0,0,0,0,0,1,0,0,0,0,6,0,0,0,0
Taney,0,0,8,0,0,0,0,0,0,0,0,0,0,0,0,0,0,0,0,0,0,0,0,0,0,0
Taos,0,0,0,0,0,0,0,0,0,0,0,0,0,0,0,0,0,0,0,0,0,0,5,0,0,0
Tarrant,0,0,1,0,0,0,0,0,0,0,2,8,3,0,0,0,0,0,0,0,0,0,0,0,0,0
Tattnall,0,0,0,0,0,0,0,0,0,0,0,0,0,0,0,0,0,0,0,0,0,0,1,0,0,0
Taylor,0,0,0,0,0,0,0,8,0,0,0,0,0,0,0,0,8,0,0,0,0,5,7,0,0,7
Tazewell,0,0,0,2,0,0,0,3,0,0,0,0,0,0,0,0,1,0,0,0,0,0,0,0,0,0
Tehama,0,0,4,0,0,0,0,0,0,0,0,16,0,0,0,0,1,0,0,0,0,0,1,0,0,0
Telfair,0,0,0,0,0,0,0,0,0,0,0,0,0,0,0,0,0,0,0,0,0,0,1,0,0,0
Terrebonne,0,0,0,0,0,0,0,0,0,0,0,0,3,0,0,0,0,0,0,0,0,0,0,0,0,0
Terrell,0,0,0,0,0,0,0,0,0,0,0,0,0,0,0,0,0,0,0,0,0,0,3,0,0,0
Teton,0,0,6,0,0,0,0,0,0,0,0,0,0,0,0,0,2,0,0,0,0,3,0,0,0,0
Texas,0,0,0,0,0,0,0,0,0,0,0,0,0,0,0,0,3,0,0,0,0,0,0,0,0,0
Thayer,0,0,0,0,0,0,0,0,0,0,0,0,0,0,0,0,0,0,0,0,0,3,0,0,0,0
Thomas,0,0,0,0,0,0,0,0,0,0,1,0,0,0,0,0,2,0,0,0,0,6,2,0,0,0
Thurston,0,0,4,0,0,0,0,0,0,0,0,0,0,0,0,0,1,0,0,0,0,4,0,0,0,0
Tillamook,0,0,0,0,0,0,0,0,0,0,0,0,0,0,0,0,0,0,0,1,0,0,0,0,0,0
Tioga,0,0,0,0,0,0,0,0,0,0,1,0,0,0,0,0,1,0,0,0,0,0,2,0,0,0
Tippecanoe,0,0,0,0,0,0,0,0,0,0,0,3,3,0,0,0,0,0,0,0,0,7,1,0,0,0
Tipton,0,0,0,0,0,0,0,0,0,0,0,0,0,0,0,0,1,0,0,0,0,0,1,0,0,0
Titus,0,0,0,2,0,0,0,0,0,0,0,0,0,0,0,0,0,0,0,0,0,0,0,0,0,0
Tolland,0,0,0,0,0,0,0,0,0,4,0,0,0,0,0,0,0,0,0,0,0,0,3,0,0,0
TomGreen,0,0,0,0,0,0,0,0,0,0,0,0,0,0,0,0,1,0,0,0,0,0,1,0,0,0
Tompkins,0,0,2,0,0,0,0,0,0,4,0,0,0,0,0,0,0,0,0,0,0,2,9,0,0,0
Tooele,0,0,0,0,0,0,0,0,0,0,3,0,0,0,0,0,2,0,0,0,0,0,0,0,0,0
Toole,0,0,0,0,0,0,0,0,0,0,0,0,0,0,0,0,3,0,0,0,0,0,0,0,0,0
Torrance,0,0,0,0,0,0,0,0,0,0,0,0,0,0,0,0,2,0,0,0,0,0,2,0,0,0
Traill,0,0,0,1,0,0,0,0,0,0,0,0,0,0,0,0,0,0,0,0,0,2,0,0,0,0
Travis,1,0,5,0,2,0,0,3,0,8,11,2,2,0,0,0,0,0,0,0,0,1,2,0,0,0
Trempealeau,0,0,0,0,0,0,0,0,0,0,0,2,0,0,0,0,0,0,0,0,0,8,1,0,0,0
Trimble,0,0,0,2,0,0,0,0,0,0,6,0,0,0,0,0,0,0,0,0,0,0,0,0,0,0
Trinity,0,0,7,0,0,0,0,0,0,0,0,0,0,0,0,0,0,0,0,0,0,0,0,0,0,0
Troup,0,0,3,0,0,0,0,0,0,0,0,0,0,0,0,0,0,0,0,0,0,0,2,0,0,0
Trumbull,0,0,0,0,0,0,0,0,0,3,0,0,0,0,0,0,0,3,0,0,0,1,1,0,0,0
Tucker,0,0,0,0,0,0,0,0,0,0,0,0,0,0,0,0,1,0,0,0,0,0,0,0,0,0
Tulare,0,0,10,0,0,0,0,2,0,0,2,0,0,0,0,0,0,0,1,1,0,0,50,0,0,1
Tulsa,0,0,2,0,0,0,0,0,1,6,2,0,4,0,0,0,0,0,0,0,0,2,0,0,0,0
Tuolumne,0,0,27,0,0,0,0,0,0,0,0,0,0,0,0,0,0,0,0,0,0,0,1,0,0,2
Turner,0,0,0,0,0,0,0,0,0,0,0,0,0,0,0,0,0,0,0,0,0,0,0,0,0,1
Tuscaloosa,0,0,2,0,0,0,0,0,0,0,0,0,0,0,0,0,0,0,0,0,0,0,0,0,0,0
Tuscarawas,0,0,0,2,0,0,0,0,0,0,1,0,0,0,0,0,0,0,0,0,0,7,0,0,0,0
Tuscola,0,0,0,0,0,0,0,0,0,0,0,0,1,0,0,0,7,0,0,0,0,11,0,0,0,0
Twiggs,0,0,0,0,0,0,0,2,0,0,0,0,0,0,0,0,0,0,0,0,0,0,2,0,0,0
TwinFalls,0,0,17,1,0,0,0,0,0,0,0,0,2,0,0,0,11,0,0,2,0,0,1,0,0,0
Tyler,0,0,0,0,0,0,0,0,0,0,0,0,0,0,0,0,0,0,0,0,0,0,0,0,0,1
Uinta,0,0,0,0,0,0,0,0,0,0,0,0,0,0,0,0,3,0,0,0,0,0,0,0,0,0
Uintah,0,0,0,1,0,0,0,0,0,0,0,0,0,0,0,0,0,0,0,0,0,0,0,0,0,0
Ulster,0,0,8,0,0,0,0,0,0,0,0,0,0,0,0,0,0,0,0,0,0,0,5,0,0,0
Umatilla,0,0,14,0,0,0,0,0,0,7,0,0,0,0,0,0,10,0,0,0,0,0,1,0,0,0
Union,0,0,11,0,0,0,0,2,1,36,6,2,3,0,0,0,1,0,0,0,0,8,17,0,0,0
Upson,0,0,0,0,0,0,0,0,0,0,4,0,0,0,0,0,0,0,0,0,0,0,1,0,0,0
Upton,1,0,0,0,0,0,0,0,0,0,0,0,0,0,0,0,1,0,0,0,0,0,4,0,0,0
Utah,0,0,4,0,0,0,0,0,0,8,1,15,0,0,0,0,1,0,0,0,0,0,0,0,0,0
Uvalde,0,0,0,0,0,0,0,0,0,0,0,0,0,0,0,0,0,0,0,0,0,0,1,0,0,0
ValdezCordova,1,0,8,0,0,0,0,0,0,0,0,0,0,0,0,0,0,0,0,0,0,15,0,0,0,0
Valencia,0,0,0,0,0,0,0,0,0,0,2,0,0,0,0,0,0,0,0,0,0,0,8,0,0,0
Valley,0,0,2,0,0,0,0,0,0,0,0,0,0,0,0,0,0,0,0,0,0,5,0,0,0,0
ValVerde,0,0,2,0,0,0,0,0,0,0,0,0,0,0,0,0,1,0,0,0,0,0,0,0,0,0
VanBuren,0,0,0,0,0,0,0,0,0,6,0,0,0,0,1,0,0,0,0,0,0,0,0,0,0,0
Vance,0,0,0,0,0,0,0,0,0,0,0,0,0,0,0,0,0,0,0,0,0,0,13,0,0,0
Vanderburgh,1,0,0,0,0,0,0,0,0,0,0,0,0,0,0,0,0,0,0,0,0,0,2,0,0,0
VanWert,0,0,0,0,0,0,0,0,0,0,3,0,0,0,0,0,2,0,0,0,0,0,0,0,0,0
VanZandt,0,0,0,0,0,0,0,0,0,0,0,0,0,0,0,0,0,0,0,0,0,0,1,0,0,0
Venango,0,0,0,1,0,0,0,0,0,0,5,0,0,0,0,0,0,0,0,0,0,0,0,0,0,0
Ventura,0,0,3,0,0,0,0,0,0,2,5,3,2,0,0,0,0,0,0,3,0,0,1,0,0,0
Vermilion,0,0,0,0,0,0,0,0,0,0,4,0,0,0,0,0,2,0,0,0,0,0,2,0,0,0
Vermillion,0,0,0,2,0,0,0,0,0,0,9,0,0,0,0,0,0,0,0,0,0,4,0,0,0,0
Vernon,0,0,0,1,0,0,0,0,0,0,0,0,0,0,0,0,0,0,0,0,0,2,2,0,0,0
Victoria,0,0,0,0,0,0,0,0,0,6,7,0,0,0,0,0,0,0,0,0,0,2,0,0,0,0
Vigo,0,0,0,0,0,0,0,0,0,3,1,0,0,0,0,0,0,0,0,0,0,0,1,0,0,0
Vinton,0,0,0,0,0,0,0,0,0,0,5,0,0,0,0,0,0,0,0,0,0,0,0,0,0,0
VirginiaBeachCity,0,0,0,0,0,0,0,36,0,0,0,0,0,0,0,0,0,0,0,0,0,0,1,0,0,0
Volusia,0,0,0,0,0,0,0,0,0,10,3,0,0,0,0,0,0,0,0,0,0,8,3,0,0,0
Wabash,0,0,0,0,0,0,0,0,0,0,0,0,1,0,0,0,0,0,0,0,0,0,0,0,0,0
Wabasha,0,0,2,0,0,0,0,0,0,0,0,0,0,0,0,0,0,0,0,0,0,0,7,0,0,0
WadeHampton,0,0,0,0,0,0,0,0,0,0,0,0,0,0,0,0,0,0,0,0,0,18,0,0,0,0
Wagoner,0,0,0,0,0,0,0,0,0,6,0,0,0,0,0,0,0,0,0,0,0,0,0,0,0,0
Wake,0,0,0,0,0,0,0,30,0,0,3,0,1,0,1,0,0,0,0,0,0,0,11,0,0,0
Wakulla,0,0,0,0,0,0,0,0,0,2,0,0,0,0,0,0,0,0,0,0,0,0,0,0,0,0
Waldo,0,0,0,0,0,0,0,0,0,0,0,0,0,0,0,0,1,0,0,0,0,1,0,0,0,2
Walker,0,0,2,0,0,0,0,0,0,0,0,0,0,0,0,0,0,0,0,0,0,0,0,0,0,0
Wallace,0,0,0,0,0,0,0,0,0,0,0,4,0,0,0,0,0,0,0,0,0,0,0,0,0,0
WallaWalla,0,0,13,0,0,0,0,0,0,0,0,0,0,0,0,0,1,0,0,0,0,0,0,0,0,0
Wallowa,0,0,4,0,0,0,0,0,0,0,0,0,0,0,0,0,0,0,0,0,0,0,0,0,0,0
Walsh,0,0,0,0,0,0,0,0,0,0,0,0,0,0,0,0,0,0,0,0,0,4,0,0,0,0
Walthall,0,0,0,0,0,0,0,0,0,0,0,0,0,0,0,0,0,0,0,0,0,0,0,0,0,0
Walton,0,0,0,0,0,0,0,0,0,0,10,0,0,0,0,0,0,0,0,0,0,0,4,0,0,0
Wapello,0,0,3,1,0,0,0,0,0,0,0,0,0,0,0,0,0,0,0,0,0,0,0,0,0,0
Ward,0,0,0,0,0,0,0,0,0,0,5,0,0,0,0,0,3,0,0,0,0,0,0,0,0,0
Ware,0,0,0,0,0,0,0,0,0,0,0,0,0,0,0,0,0,0,0,0,0,0,2,0,0,0
Warren,1,0,8,0,0,0,6,0,0,6,2,0,1,0,0,0,1,0,0,1,0,15,25,0,0,3
Warrick,0,0,0,6,0,0,0,0,0,0,0,0,0,0,0,0,0,0,0,0,0,0,0,0,0,0
Wasatch,0,0,7,0,0,0,0,0,0,0,0,9,0,0,0,0,0,0,0,0,0,0,0,0,0,0
Wasco,0,0,25,0,0,0,0,0,0,0,0,0,0,0,0,0,0,0,0,0,0,0,0,0,0,0
Waseca,0,0,0,0,0,0,0,0,0,0,0,0,0,0,0,0,0,0,0,0,0,4,18,0,0,0
Washburn,0,0,2,0,0,0,0,0,0,0,0,0,0,0,0,0,0,0,0,0,0,0,0,0,0,0
Washington,2,0,34,1,0,0,0,16,1,11,36,11,1,1,0,1,3,0,0,2,0,30,63,0,0,6
Washita,0,0,0,0,0,0,0,0,0,0,0,0,0,0,0,0,1,0,0,0,0,0,0,0,0,0
Washoe,0,0,4,0,0,12,0,2,0,0,0,0,0,0,0,0,0,0,0,0,0,0,2,0,0,0
Washtenaw,0,0,0,0,0,0,0,5,0,5,2,0,0,0,0,0,0,0,0,0,0,9,1,0,0,0
Watonwan,0,0,0,0,0,0,0,0,0,0,0,0,0,0,0,0,0,0,0,0,0,11,0,0,0,0
Wayne,0,0,3,8,0,0,0,19,0,7,29,0,4,0,1,0,4,1,0,1,0,26,41,0,0,4
Weakley,0,0,0,0,0,0,0,0,0,0,3,0,0,0,0,0,0,0,0,0,0,0,0,0,0,0
Webb,0,0,0,0,0,0,0,0,0,0,2,0,0,0,0,0,5,0,0,0,0,0,1,0,0,0
Weber,0,0,6,0,0,0,0,0,0,0,0,0,0,0,0,0,0,0,0,0,0,0,0,0,0,0
Webster,0,0,0,2,0,0,0,0,0,0,1,0,1,0,0,0,2,0,0,0,0,8,0,0,0,0
Weld,1,0,0,0,0,0,0,1,0,14,6,0,0,0,0,0,4,0,0,0,0,0,16,0,0,0
Wells,0,0,0,0,0,0,0,0,0,0,4,0,0,0,0,0,0,0,0,0,0,0,0,0,0,0
WestBatonRouge,0,0,0,0,0,0,0,0,0,0,2,0,0,0,0,0,0,0,0,0,0,0,1,0,0,0
Westchester,1,0,0,0,0,0,0,0,1,0,0,4,0,0,1,0,0,0,1,0,0,61,3,0,0,0
WestFeliciana,0,0,0,0,0,0,0,0,0,0,0,0,0,0,1,0,0,0,0,0,0,0,0,0,0,1
Westmoreland,0,0,2,0,0,0,0,0,0,3,0,0,0,0,0,0,0,0,0,0,0,0,1,0,0,0
Wetzel,0,0,2,0,0,0,0,0,0,0,0,0,0,0,0,0,0,0,0,0,0,0,0,0,0,0
Wexford,0,0,2,0,0,0,0,0,0,0,0,0,0,0,0,0,0,0,0,0,0,0,0,0,0,1
Wharton,0,0,0,0,0,0,0,0,0,9,0,0,0,0,0,0,0,0,0,0,0,0,1,0,0,0
Whatcom,1,0,17,0,0,0,0,0,0,9,2,0,0,0,0,0,0,0,0,0,0,0,0,0,0,0
Wheatland,0,0,0,0,0,0,0,0,0,0,0,0,0,0,0,0,4,0,0,0,0,0,0,0,0,0
White,0,0,4,0,0,0,0,12,0,0,0,0,0,0,0,0,6,0,0,6,0,7,0,0,0,0
WhitePine,0,0,0,0,0,0,0,0,0,0,0,0,0,0,0,0,1,0,0,0,0,0,0,0,0,0
Whiteside,0,0,2,0,0,0,0,0,0,0,0,0,0,0,0,0,0,0,0,0,0,9,3,0,0,0
Whitley,1,0,0,0,0,0,0,0,0,0,0,0,0,0,0,0,0,0,0,0,0,0,0,0,0,0
Whitman,0,0,6,0,0,0,0,0,0,0,0,2,0,0,0,0,1,0,0,0,0,2,0,0,0,0
Wichita,0,0,0,0,0,0,0,0,0,4,0,0,0,0,0,0,1,0,0,0,0,3,0,0,0,0
Wicomico,0,0,0,0,0,0,0,18,0,0,0,0,0,0,0,0,0,0,0,0,0,0,3,0,0,0
Wilbarger,1,0,0,0,0,0,0,0,0,0,0,0,0,0,0,0,4,0,0,0,0,0,0,0,0,0
Wilcox,0,0,3,0,0,0,0,0,0,0,0,0,0,0,0,0,0,0,0,0,0,0,0,0,0,2
Wilkinson,0,0,0,0,0,0,0,0,0,0,0,0,0,0,0,0,0,0,0,0,0,0,1,0,0,0
Will,1,0,2,1,0,0,0,6,0,0,39,0,3,0,2,0,0,3,0,0,0,0,4,0,0,0
Willacy,0,0,0,0,0,0,0,0,0,0,0,0,0,0,0,0,2,0,0,0,0,0,0,0,0,0
Williams,0,0,0,0,0,0,0,0,0,0,6,12,0,0,0,0,1,0,0,2,0,18,1,0,0,0
Williamsburg,0,0,0,0,0,0,0,0,0,0,0,0,0,0,0,0,0,0,0,0,0,0,1,0,0,0
Williamson,1,0,0,3,0,0,0,0,0,0,2,0,0,0,0,0,0,0,0,0,0,0,2,0,0,0
WILSON,0,0,0,0,0,0,0,0,0,0,0,0,0,0,0,0,0,0,0,0,0,2,13,0,0,0
Windham,0,0,33,0,0,0,0,0,0,3,1,0,0,0,0,0,0,0,0,0,0,0,8,0,0,1
Windsor,0,0,10,0,0,0,0,0,0,0,0,0,0,0,0,0,0,0,0,0,0,1,4,0,0,0
Winkler,0,0,0,0,0,0,0,0,0,0,0,0,0,0,0,0,0,0,0,0,0,0,1,0,0,0
Winnebago,0,0,2,0,0,0,0,9,0,0,6,0,0,0,0,0,3,0,0,3,0,9,2,0,0,0
Winneshiek,0,0,0,0,0,0,0,0,0,0,0,0,0,0,0,0,1,0,0,0,0,0,0,0,0,0
Winona,0,0,0,0,0,0,0,0,0,0,0,0,0,0,0,0,3,0,0,0,0,4,8,0,0,0
Wise,0,0,0,1,0,0,0,0,0,9,0,13,0,0,0,0,0,0,0,0,0,0,0,0,0,0
Wood,0,0,37,2,0,0,0,0,0,0,8,0,4,0,0,0,4,0,0,0,0,0,1,0,0,3
Woodbury,0,0,0,2,0,0,0,0,0,0,0,0,0,0,0,0,0,0,0,0,0,0,0,0,0,0
Woodford,0,0,0,0,0,0,0,0,0,0,0,0,0,0,0,0,1,0,0,0,0,0,0,0,0,0
Woodruff,0,0,0,0,0,0,0,0,0,0,0,0,1,0,0,0,0,0,0,0,0,0,0,0,0,0
Woods,0,0,0,0,0,0,0,0,0,0,0,3,0,0,0,0,0,0,0,0,0,0,0,0,0,0
Woodward,0,0,0,0,0,0,0,0,0,0,0,0,3,0,0,0,6,0,0,0,0,0,0,0,0,0
Worcester,14,0,3,0,0,0,0,4,1,6,1,3,6,0,0,0,5,0,0,0,0,11,122,0,0,1
Worth,0,0,4,0,0,0,0,0,0,0,1,0,2,0,0,0,7,0,0,0,0,0,0,0,0,0
WrangellPetersburg,0,0,3,0,0,0,0,0,0,0,0,0,0,0,0,0,0,0,0,0,0,16,0,0,0,0
Wright,0,0,0,0,0,0,0,2,0,0,0,2,0,0,1,0,0,0,0,0,0,9,25,0,0,0
Wyandot,0,0,0,0,0,0,0,0,0,0,0,0,0,0,0,0,1,0,0,0,0,0,1,0,0,0
Wyandotte,0,0,0,1,0,0,0,0,0,0,1,0,5,0,0,0,0,0,0,0,0,2,1,0,0,0
Wyoming,0,0,0,0,0,0,0,0,0,2,2,5,1,0,0,0,6,0,0,1,0,0,1,0,0,0
Yadkin,0,0,0,0,0,0,0,0,0,0,0,0,0,0,0,0,0,0,0,0,0,0,4,0,0,0
Yakima,0,0,9,0,0,0,0,0,0,0,0,0,0,0,0,0,0,0,0,0,0,0,0,0,0,0
Yakutat,0,0,0,0,0,0,0,0,0,0,0,0,0,0,0,0,0,0,0,0,0,4,0,0,0,0
Yamhill,0,0,0,0,0,0,0,6,0,0,0,0,0,0,0,0,0,0,0,0,0,0,7,0,0,0
Yankton,0,0,0,0,0,0,0,0,0,0,0,2,0,0,0,0,1,0,0,0,0,2,0,0,0,0
Yates,0,0,0,0,0,0,0,0,0,0,0,0,1,0,0,0,0,0,0,0,0,0,1,0,0,0
Yavapai,0,0,0,0,0,0,0,0,0,0,0,0,0,0,0,0,0,0,0,0,0,0,4,0,0,0
Yazoo,0,0,0,0,0,0,0,0,0,3,1,0,0,0,0,0,0,0,0,0,0,0,0,0,0,0
YellowMedicine,0,0,0,0,0,0,0,0,0,0,0,0,0,0,0,0,0,0,0,0,0,3,1,0,0,0
Yellowstone,0,0,0,1,0,0,0,0,0,0,0,0,0,0,0,0,1,1,0,0,1,0,0,0,0,0
Yoakum,0,0,0,0,0,0,0,0,0,3,4,0,0,0,0,0,0,0,0,0,0,0,0,0,0,0
Yolo,0,0,0,0,0,0,0,5,0,0,0,0,0,0,0,0,1,0,0,0,0,0,7,0,0,1
York,0,0,25,1,0,0,0,0,1,13,0,0,7,0,4,0,0,0,0,0,0,7,2,0,0,1
Young,0,0,0,0,0,0,0,0,0,0,0,0,2,0,0,0,1,0,0,0,0,0,0,0,0,0
Yuba,0,0,4,0,0,0,0,2,0,0,0,0,0,0,0,0,0,0,0,0,0,0,0,0,0,0
YukonKoyukuk,0,0,0,0,0,0,0,0,0,0,0,0,0,0,0,0,0,0,0,0,0,13,0,0,0,0
Yuma,0,0,0,0,0,0,0,0,0,2,5,0,1,0,0,0,0,0,0,0,0,2,13,0,0,0
Zapata,0,0,0,0,0,0,0,0,0,0,0,0,0,0,0,0,1,0,0,0,0,0,0,0,0,0