Count of State,Column Labels,,,,,,,,,,,,,,,,,,,,,,,,,,,,,,,,,,,,,,,,,,,,,,,,,,,,,,,,,,,,,,,,,,,,,,,,,,,,,,,,,,,,,,,,,,,,,,,,,,,,,,,,,,,,,,,,,,,,,,,,,,,,,,,,,,,,,,,,,,,,,,,,,,,,,,,,,,,,,,,,,,,,,,,,,,,,,,,,,,,,,,,,,,,,,,,,,,,,,,,,,,,,,,,,,,,,,,,,,,,,,,,,,,,,,,,,,,,,,,,,,,,,,,,,,,,,,,,,,,,,,,,,,,,,,,,,,,,,,,,,,,,,,,,,,,,,,,,,,,,,,,,,,,,,,,,,,,,,,,,,,,,,,,,,,,,,,,,,,,,,,,,,,,,,,,,,,,,,,,,,,,,,,,,,,,,,,,,,,,,,,,,,,,,,,,,,,,,,,,,,,,,,,,,,,,,,,,,,,,,,,,,,,,,,,,,,,,,,,,,,,,,,,,,,,,,,,,,,,,,,,,,,,,,,,,,,,,,,,,,,,,,,,,,,,,,,,,,,,,,,,,,,,,,,,,,,,,,,,,,,,,,,,,,,,,,,,,,,,,,,,,,,,,,,,,,,,,,,,,,,,,,,,,,,,,,,,,,,,,,,,,,,,,,,,,,,,,,,,,,,,,,,,,,,,,,,,,,,,,,,,,,,,,,,,,,,,,,,,,,,,,,,,,,,,,,,,,,,,,,,,,,,,,,,,,,,,,,,,,,,,,,,,,,,,,,,,,,,,,,,,,,,,,,,,,,,,,,,,,,,,,,,,,,,,,,,,,,,,,,,,,,,,,,,,,,,,,,,,,,,,,,,,,,,,,,,,,,,,,,,,,,,,,,,,,,,,,,,,,,,,,,,,,,,,,,,,,,,,,,,,,,,,,,,,,,,,,,,,,,,,,,,,,,,,,,,,,,,,,,,,,,,,,,,,,,,,,,,,,,,,,,,,,,,,,,,,,,,,,,,,,,,,,,,,,,,,,,,,,,,,,,,,,,,,,,,,,,,,,,,,,,,,,,,,,,,,,,,,,,,,,,,,,,,,,,,,,,,,,,,,,,,,,,,,,,,,,,,,,,,,,,,,,,,,,,,,,,,,,,,,,,,,,,,,,,,,,,,,,,,,,,,,,,,,,,,,,,,,,,,,,,,,,,,,,,,,,,,,,,,,,,,,,,,,,,,,,,,,,,,,,,,,,,,,,,,,,,,,,,,,,,,,,,,,,,,,,,,,,,,,,,,,,,,,,,,,,,,,,,,,,,,,,,,,,,,,,,,,,,,,,,,,,,,,,,,,,,,,,,,,,,,,,,,,,,,,,,,,,,,,,,,,,,,,,,,,,,,,,,,,,,,,,,,,,,,,,,,,,,,,,,,,,,,,,,,,,,,,,,,,,,,,,,,,,,,,,,,,,,,,,,,,,,,,,,,,,,,,,,,,,,,,,,,,,,,,,,,,,,,,,,,,,,,,,,,,,,,,,,,,,
Row Labels,Abbeville,Acadia,Accomack,Ada,Adair,Adams,Addison,Aiken,Alachua,Alamance,Alameda,Alamosa,Albany,Alcona,AleutiansEast,AleutiansWest,Alexander,AlexandriaCity,Alger,Allamakee,Allegan,Allegany,Alleghany,Allegheny,Allen,Allendale,Alpena,Amador,Amelia,Amherst,Anchorage,Anderson,Andrews,Androscoggin,AnneArundel,Anoka,Anson,Antelope,Apache,Appling,Appomattox,Arapahoe,Archer,Arkansas,Armstrong,Aroostook,Ascension,Ashland,Ashley,Ashtabula,Atascosa,Atchison,Atlantic,Attala,Audrain,Audubon,Auglaize,Aurora,Austin,Autagua,Autauga,Baca,Bailey,Baker,Baldwin,Baltimore,BaltimoreCity,Bamberg,Bannock,Baraga,Barber,Barbour,Barnes,Barnstable,Barnwell,Barren,Barron,Barrow,Barton,Bartow,Bastrop,Bates,Bath,Baxter,Bay,Baylor,Beadle,Beaufort,Beauregard,Beaver,Becker,Bedford,Belknap,Bell,Beltrami,Benewah,Bennington,Bent,Benton,Bergen,Berkeley,Berks,Berkshire,Bernalillo,Berrien,Bertie,Bethel,Bexar,Bibb,BigHorn,BlackHawk,Bladen,Blaine,Blair,Bleckley,Blount,BlueEarth,Boise,BonHomme,Bonner,Bonneville,Boone,Borden,Bosque,Boulder,Boundary,Bourbon,Bowman,BoxElder,Bracken,Bradford,Branch,Brazoria,Brazos,Bremer,Brevard,Brewster,Briscoe,Bristol,BristolBay,BristolCity,Broadwater,Bronx,Brookings,Brooks,Broome,Broward,Brown,Brule,Brunswick,Bryan,Buchanan,Buckingham,Bucks,BuenaVista,Buffalo,Bulloch,Buncombe,Bureau,Burke,Burleigh,Burlington,Burnet,Burnett,Burt,Butler,Butte,Cabarrus,Cabell,Cache,Caddo,Calaveras,Calcasieu,Caldwell,Caledonia,Calhoun,Callaway,Calvert,Cambria,Camden,Cameron,Campbell,Canadian,Candler,Canyon,CapeGirardeau,CapeMay,Carbon,Caribou,Carlton,Caroline,Carroll,Carson,CarsonCity,Carter,Carver,Cascade,Cass,Cassia,Castro,Caswell,Catawba,Cattaraugus,Cavalier,Cayuga,Cecil,Cedar,Centre,CerroGordo,Chaffee,Chambers,Champaign,Chariton,Charles,CharlesCity,CharlesMix,Charleston,Charlevoix,Charlotte,Charlton,Chatham,Chattahoochee,Chautauqua,Chaves,Cheboygan,Chelan,Chemung,Cherokee,Cherry,ChesapeakeCity,Chester,Chesterfield,Cheyenne,Chickasaw,Chicot,Childress,Chilton,Chippewa,Chisago,Chittenden,Choctaw,Chowan,Christian,Churchill,Cibola,Citrus,Clackamas,Claiborne,Clallam,Clare,Clarendon,Clarion,Clark,Clarke,Clatsop,Clay,Clayton,ClearCreek,Clearfield,Clearwater,Cleburne,Clermont,Cleveland,Clinton,Cloud,Coahoma,Cobb,Cochise,Cochran,Coconino,Codington,Coffey,Coke,Colbert,Cole,Colfax,Colleton,Collier,Collin,Colorado,Colquitt,Columbia,Columbus,Colusa,Comal,Comanche,Concho,Concordia,Conejos,ContraCosta,Converse,Conway,Cook,Cooke,Coos,Coosa,Cottonwood,Covington,CovingtonCity,Coweta,Cowley,Cowlitz,Craighead,Crane,Craven,Crawford,Crockett,Crook,Crosby,CrowWing,Culpeper,Cumberland,Cuming,Currituck,Curry,Custer,Cuyahoga,Daggett,Dakota,Dale,Dallas,Dane,DanvilleCity,Dare,Darke,Darlington,Dauphin,Davidson,Davie,Daviess,Davis,Dawson,Day,DeafSmith,Dearborn,Decatur,DeerLodge,Defiance,DeKalb,Delaware,Delta,Denali,Denton,Denver,Deschutes,Desha,DesMoines,DeSoto,Deuel,Dewey,DeWitt,Dickens,Dickey,Dickinson,Dickson,Dillingham,Dillon,Dinwiddie,DistrictofColumbia,Dixon,Dodge,DonaAna,Donley,Door,Dorchester,Dougherty,Douglas,Dubois,Dubuque,Duchesne,Dukes,Dunklin,Dunn,DuPage,Duplin,Durham,Dutchess,Duval,Eagle,Early,EastBatonRouge,Eaton,EauClaire,Ector,Eddy,Edgecombe,Effingham,Elbert,ElDorado,Elk,Elkhart,Elko,Ellis,Ellsworth,Elmore,ElPaso,Emanuel,Emery,Emmet,Emmons,Erath,Erie,Escambia,Essex,Estill,Etowah,Eureka,Evangeline,FairbanksNorthStar,Fairfax,Fairfield,Fallon,Fannin,Faribault,Faulk,Fauquier,Fayette,Fillmore,Finney,Fisher,Flathead,Florence,Floyd,Fluvanna,Foard,FondDuLac,Ford,Forrest,Forsyth,FortBend,Franklin,Frederick,Freeborn,Freestone,Fremont,Fresno,Frio,Frontier,Fulton,Furnas,Gadsden,Gage,Gallia,Galveston,Garfield,Garland,Garrett,Gaston,Gates,Gem,Genesee,Gentry,George,Georgetown,Gibson,GILA,Gilchrist,Giles,Gilliam,Glasscock,Glenn,Gloucester,Glynn,Gogebic,GoldenValley,Goliad,Gonzales,Goochland,Goodhue,Gooding,Gosper,Grady,Grafton,Graham,Grand,GrandIsle,GrandTraverse,Granite,Grant,Granville,Gratiot,Gray,GraysHarbor,Grayson,Greeley,Greenbrier,Greene,GreenLake,Greensville,Greenup,Greenville,Greenwood,Greer,Gregg,Grimes,Grundy,Guadalupe,Guilford,Gunnison,Guthrie,Gwinnett,Habersham,Haines,Hale,Halifax,Hall,Hamilton,Hampden,Hampshire,Hampton,HamptonCity,Hancock,Hand,Hanover,Hansford,Hardee,Hardeman,Hardin,Harford,Harnett,Harney,Harper,Harris,Harrison,Hart,Hartford,Hartley,Haskell,Hawaii,Hawkins,Hays,Haywood,Heard,Hemphill,Hempstead,Henderson,Hendricks,Hendry,Hennepin,Henrico,Henry,Herkimer,Hernando,Hertford,Hidalgo,Highland,Highlands,Hillsborough,Hillsdale,Hinds,Hodgeman,Hoke,Holt,Honolulu,Hood,HoodRiver,HopewellCity,Horry,HotSpring,Houghton,Houston,Howard,Howell,Hudson,Huerfano,Hughes,Humboldt,Humphreys,Hunt,Hunterdon,Huntingdon,Huron,Hutchinson,Hyde,Iberia,Iberville,Ida,Idaho,Imperial,Independence,Indiana,IndianRiver,Ingham,Inyo,Ionia,Iosco,Iowa,Iredell,Irion,Iron,Iroquois,Isabella,Isanti,IsleofWight,Itasca,Jack,Jackson,Jasper,Jay,JeffDavis,Jefferson,JeffersonDavis,Jenkins,Jerauld,Jerome,JimHogg,JoDaviess,Johnson,Johnston,Jones,Juab,JudithBasin,Juneau,Kalamazoo,Kalkaska,Kanabec,Kanawha,Kandiyohi,Kane,Kankakee,Karnes,Kauai,Kaufman,Kay,Keith,Kemper,KenaiPeninsula,Kendall,Kenedy,Kennebec,Kenosha,Kent,Kenton,Kern,Kershaw,KetchikanGateway,Kewaunee,KeyaPaha,Kimball,King,KingandQueen,Kingfisher,KingGeorge,Kingman,Kings,Kingsbury,KingWilliam,Kinney,Kiowa,KitCarson,Kittitas,Klamath,Klickitat,Knox,KodiakIsland,Koochiching,Kootenai,Kossuth,Lackawanna,Laclede,LaCrosse,Lafayette,Lake,LakeandPeninsula,Lamar,Lamb,Lamoille,LaMoure,Lancaster,Lander,Lane,Lanier,LaPaz,Lapeer,LaPlata,LaPorte,Laramie,Larimer,LaSalle,LasAnimas,Lassen,Lauderdale,Laurel,Laurens,Lawrence,Lea,Lebanon,Lee,Leelanau,LeFlore,Lehigh,Lemhi,Lenawee,Lenoir,Leon,LeSueur,Lewis,LewisandClark,Lexington,Liberty,Licking,Limestone,Lincoln,Linn,Litchfield,LittleRiver,Livingston,Llano,Logan,Lorain,LosAlamos,LosAngeles,Loudon,Loudoun,Louisa,Love,Lowndes,Lubbock,Lucas,Luce,Luna,Luzerne,Lycoming,LynchburgCity,Lynn,Lyon,Macomb,Macon,Madera,Madison,Mahaska,Mahoning,Malheur,Manatee,Manistee,Manitowoc,Marathon,Marengo,Maricopa,Marin,Marinette,Marion,Mariposa,Marlboro,Marquette,Marshall,Martin,Mason,Massac,Matagorda,MatanuskaSusitna,Maui,Maverick,Mayes,McClain,McCone,McCormick,McCracken,McCulloch,McCurtain,McDonough,McHenry,McIntosh,McKenzie,McKinley,McLean,McLennan,McLeod,McMinn,McNairy,McPherson,Meade,Meagher,Mecklenburg,Mecosta,Medina,Meeker,Meigs,Menard,Mendocino,Menominee,Merced,Mercer,Meriwether,Merrimack,Mesa,Miami,MiamiDade,Middlesex,Midland,Millard,MilleLacs,Miller,Mills,Milwaukee,Mineral,Minidoka,Minnehaha,Missaukee,Mississippi,Mitchell,Mobile,Moffat,Mohave,Monmouth,Mono,Monongalia,Monroe,Montcalm,Monterey,Montezuma,Montgomery,Montmorency,Montour,Montrose,Moore,Morgan,Morris,Morrison,Morrow,Morton,Moultrie,Mower,Muhlenberg,Multnomah,Murray,Muscatine,Muscogee,Muskegon,Muskingum,Muskogee,Nacogdoches,Nantucket,Napa,Nash,Nassau,Natchitoches,Natrona,Navajo,Nemaha,Neosho,Ness,Nevada,Newaygo,NewCastle,NewHanover,NewHaven,NewKent,NewLondon,NewMadrid,Newport,Newton,NewYork,NezPerce,Niagara,Nicholas,Nicollet,Noble,Nobles,Nodaway,Nolan,Nome,Norfolk,NorfolkCity,Norman,Northampton,NorthSlope,Northumberland,NORTHWESTARCTIC,Nueces,Nye,O'Brien,Oakland,Ocean,Oceana,Ochiltree,Oconee,Oconto,Ogle,Ohio,Okaloosa,Okeechobee,Okfuskee,Oklahoma,Oldham,Oliver,Olmsted,Oneida,Onondaga,Onslow,Ontario,Ontonagon,Orange,Orangeburg,Orleans,Osage,Osborne,Osceola,Oscoda,Oswego,Otero,Otoe,Otsego,Ottawa,OtterTail,Ouachita,Ouray,Outagamie,Owyhee,Oxford,Ozaukee,Page,PalmBeach,PaloAlto,PaloPinto,Pamlico,Panola,Park,Parker,Parmer,Pasco,Pasquotank,Passaic,Patrick,Paulding,Pawnee,Payette,Payne,Pecos,Pembina,Pender,Pendleton,PendOreille,Pennington,Penobscot,Peoria,Perquimans,Perry,Pershing,Person,Phelps,Philadelphia,Phillips,Piatt,Pickaway,Pickens,Pierce,Pike,Pima,Pinal,Pine,Pinellas,Pipestone,Piscataquis,Pitt,Pittsburg,Pittsylvania,Placer,Plaquemines,Platte,Pleasants,Plumas,Plymouth,Pocahontas,PointeCoupee,Polk,Pope,Portage,Porter,PortsmouthCity,Posey,Pottawatomie,Pottawattamie,Potter,Power,Poweshiek,Powhatan,Pratt,Presidio,PRICE,PrinceGeorge,PrinceGeorges,PrinceofWalesKetchikan,PrinceWilliam,Providence,Prowers,Pueblo,Pulaski,Pushmataha,Putnam,Quay,QueenAnnes,Queens,Rabun,Racine,Raleigh,Ralls,Ramsey,Randall,Randolph,Ransom,Rapides,Reagan,Real,RedLake,RedRiver,RedWillow,Redwood,Reeves,Reno,Rensselaer,Renville,Republic,Reynolds,Rhea,Rice,Rich,Richardson,Richland,Richmond,RichmondCity,RioArriba,RioBlanco,RioGrande,Riverside,Roane,Roanoke,Roberts,Robertson,Robeson,Rock,Rockdale,Rockingham,RockIsland,Rockland,RogerMills,Rogers,Rolette,Rooks,Roosevelt,Rosebud,Ross,Routt,Rowan,Rush,Rusk,Russell,Rutherford,Rutland,Sac,Sacramento,Sagadahoc,Saginaw,Saguache,Salem,SalemCity,Saline,SaltLake,Saluda,Sampson,SanBenito,SanBernardino,Sanders,SanDiego,Sandoval,Sandusky,SanFrancisco,Sangamon,Sanilac,SanJacinto,SanJoaquin,SanJuan,SanLuisObispo,SanMateo,SanMiguel,SanPatricio,Sanpete,SantaBarbara,SantaClara,SantaCruz,SantaFe,SantaRosa,Sarasota,Saratoga,Sarpy,Sauk,Saunders,Sawyer,Schenectady,Schleicher,Schoharie,Schoolcraft,Schuyler,Schuylkill,Scioto,Scotland,Scott,ScottsBluff,Scurry,Sedgwick,Seminole,Seneca,Sequoyah,Sevier,Seward,Shackelford,Shasta,Shawnee,Sheboygan,Shelby,Sherburne,Sheridan,Sherman,Shiawassee,Sibley,Sierra,SilverBow,Siskiyou,Sitka,Skagit,SkagwayHoonahAngoon,Skamania,Smith,Snohomish,Snyder,Solano,Somerset,Somervell,Sonoma,Southampton,SoutheastFairbanks,Spalding,Spartanburg,Spencer,Spokane,Spotsylvania,Stafford,Stanislaus,Stanley,Stanly,Stanton,STARK,Starr,StBernard,StCharles,StClair,StCroix,Stearns,Steele,Stephens,Stephenson,Sterling,Steuben,Stevens,Stewart,StFrancois,Stillwater,StJames,StJohns,StJoseph,StLawrence,StLouis,StLouisCity,StLucie,StMary,Stoddard,Stokes,Stone,Storey,Story,Strafford,Stutsman,Suffolk,SuffolkCity,Sullivan,Summit,Sumner,Sumter,Surry,Susquehanna,Sussex,Sutter,Suwannee,Swain,SweetGrass,Sweetwater,Swift,Switzerland,Talbot,Talladega,Tallapoosa,Tama,Taney,Taos,Tarrant,Tattnall,Taylor,Tazewell,Tehama,Telfair,Terrebonne,Terrell,Teton,Texas,Thayer,Thomas,Thurston,Tillamook,Tioga,Tippecanoe,Tipton,Titus,Tolland,TomGreen,Tompkins,Tooele,Toole,Torrance,Traill,Travis,Trempealeau,Trimble,Trinity,Troup,Trumbull,Tucker,Tulare,Tulsa,Tuolumne,Turner,Tuscaloosa,Tuscarawas,Tuscola,Twiggs,TwinFalls,Tyler,Uinta,Uintah,Ulster,Umatilla,Union,Upson,Upton,Utah,Uvalde,ValdezCordova,Valencia,Valley,ValVerde,VanBuren,Vance,Vanderburgh,VanWert,VanZandt,Venango,Ventura,Vermilion,Vermillion,Vernon,Victoria,Vigo,Vinton,VirginiaBeachCity,Volusia,Wabash,Wabasha,WadeHampton,Wagoner,Wake,Wakulla,Waldo,Walker,Wallace,WallaWalla,Wallowa,Walsh,Walthall,Walton,Wapello,Ward,Ware,Warren,Warrick,Wasatch,Wasco,Waseca,Washburn,Washington,Washita,Washoe,Washtenaw,Watonwan,Wayne,Weakley,Webb,Weber,Webster,Weld,Wells,WestBatonRouge,Westchester,WestFeliciana,Westmoreland,Wetzel,Wexford,Wharton,Whatcom,Wheatland,White,WhitePine,Whiteside,Whitley,Whitman,Wichita,Wicomico,Wilbarger,Wilcox,Wilkinson,Will,Willacy,Williams,Williamsburg,Williamson,WILSON,Windham,Windsor,Winkler,Winnebago,Winneshiek,Winona,Wise,Wood,Woodbury,Woodford,Woodruff,Woods,Woodward,Worcester,Worth,WrangellPetersburg,Wright,Wyandot,Wyandotte,Wyoming,Yadkin,Yakima,Yakutat,Yamhill,Yankton,Yates,Yavapai,Yazoo,YellowMedicine,Yellowstone,Yoakum,Yolo,York,Young,Yuba,YukonKoyukuk,Yuma,Zapata,Grand Total
AllOther,,,,,,,,,,,,,,,,,,,,,,,,,,,,,,,,1,,,,,,,,,,,,,,1,,,,,,,,,,,,,,,,,,,,,,,1,,,,,,,,,,,,,,,,,,,1,,,,,,,,,,,,,,,,1,,,,,,,,,,,,,,,,,,,,,,,,,,,,,1,,,,,,,,,,,,,,,,,,,,,,,,,,,,,,,,,,,,,,,,9,,,2,,3,,,,,,,,,,,,,,,,,,,,,,,,,,,,,,,,,,,,,,,,,,,,,,,,,,,,,,,,,,,,,,,,,,,,,,,,,,,1,,,,,,,,,,,,,,,,,,,,,,,,,,,,,,,,,,,,,4,,,,,,,,,,,,,,,,,,,,,,,,,,,,,,,,,,,,,,,,,,,,,,,,,,,,,,,,,,,,,,,,,,,,,,,,,,,,,,,,,,,,,,,,,,,,,,,,,,,,,,,,,,,,,,,,,,,,,,,,,,,,,,,,,,,,,,,,,,,,,,,,,1,,,,,,,,,1,,,,,,,,,,,,,,,,,,,,,,,,,,,,,,,,,,,,,,,,,,,,,,,,,,,,,,,,,,,,,,,1,,,,,,,,,,,,,,,,6,,,,,,,,,,,,,,,,,,,,,,,,,2,,,,,,,,,,,,,,,,,,,,,,,,,,,,1,,,,,,,,,,,,,,,,,,,,,,,,,,,,,,,,,,,,,,,,,,,,,,1,,,,,,,,,,,,,,,,,,,,,,,,,,,,,,,,,,,,,,,,,1,,,,,,,,,,,,1,,,,,,,,,,,,,,,,,,,,,,,,,,,,,,,,,,1,,,5,,,,,,,,,,,,,,,,,,1,,,,,,,,,,,,,,,,,1,,,,,,,,,,,,,,,,,,,,,,,,,,,,,,,,,,,,,,,,,,,,,,,,,,,,,,,,,,,,,,,,,,,,,,,,,,1,,,,,,,,,,,,,,,,,,,,,,,,,,,,,,,,,,,,,,,,,,,,,,,,,1,,,,,,,,,,,,,,,,,1,,,,,,,,,,,,,,,,,,,,,,,,,,,,,,,,,,,,,,,,,,,,,,,,,,,,,,,,,,,,,,,,,,,,,,,,,,,,,,,8,,,,,,,,,,,,,,,1,,,,,,,,,,,,,,,,,,,,,,,,,1,,,,,,,,,,,,,,,,,,,,,,,,,,,,,,,,,,8,,,,,,,,,,,,,,,,,,1,,,,,,,,,,,,,1,,,,,,,,,,,,,,,,,,,,,,,,,,,,,,,,,,,,,,,,,,,,,,,,,,,,,,,,,,,,,,,,,,,,,,,,,3,,,,,,,,,,,,,,2,,,,1,,,2,,,,,,,,,,,,,,,,,,,,,1,,,,,,,,,,,,,,,,,,,,,,,,,,,,,,,,,,,,,,,,,,,,,,,,,,,,,,,1,,,,,,,,,,,,,,,,,,,,,,,,,,,,,,,,,,,,2,,,,,,,,,,,1,,,,,,,,,,,,,,,,,,,,,,,,,,,,,,,,,,,,,,,,,,,,1,,,,,,,,,,,,,,,,,,,,,,,,,,,,,,,85
Batteries,,,,,,1,2,,,,1,,,,,,,,,,,1,,,1,,,,,,,,,,,1,,,,,,,,,,,,,,,,,1,,,,1,,,,,,,,,,,,,,,1,,,,,,,,,,,,,,,,1,,,,,,,,,,,1,,,,,1,,,,2,,,,,,,,,,,,,,,,,,,,,,,,,4,,,,,,3,,,,3,,,,,,,,,,,,,,,1,,,,,,,,,1,,1,,,,,,,1,,,,,,,,,,,,,,,,,,,,,,,,,,,,,,,,,,,,1,,,,,,,1,,,,,,,,,,,,,,,,,,,,,3,,,,,,,,,,,,,1,,,,,,,,,2,,1,,,1,,,,,,,,,,,,,,,,,,,,,,,,,,,,,,,,,,,,,,,,,,,,,1,,,,,,,,,,,,,,,,,,,,,,,,,,,1,1,,,,,,,,1,,,,,,,,,,,,,,,,,,,,,,,,,,1,,,,1,,,,,,2,,,,,,,,,,,,1,,,,,,,,3,,,,,1,,,,,,,,,,,1,,,,,,,,,,,,,,,,3,,,1,,,,,2,,,,,,,,,,,,1,,,,,,,,,,,,,,,,1,,,,,,,,,,,,,,1,1,,,,,,,,,,,,,,,,,,,,1,3,4,,,,1,,,,,,,,,,,,,,,,,,,,,,,,,,,,,,,,,,,,,,,,,1,,,,,,,,1,,,,,,,,,,,,1,,,,,1,,,,,,,,,,,,,,2,,,,1,,,,,,,,,,,1,,,,,,1,,,,,,,,3,,,,,,,,,,,,3,,,,,,,,,,,,,,,,,,,,,1,,,,,,,,,,,,,,,,,,,,,,,,2,,,,,,,,,,,,,,,,,,,,,,,,,,,,,,,,,10,,,,,,,,,,,,,,,,,,1,,,,,,,,,1,,,3,,,,1,1,,,,,3,,,,,,,,,,2,,,,,,,,,,,,,,,,,,,,1,1,,,,,1,2,,,,,,,,,,,,,,,,,,,,,,,,,,,,,,,,,,,,,,,,,,,,1,1,,,,,,,,,,,,,,,2,,,,,,,,,,,,1,,2,,,,,,1,,,,,1,,,,,,,,,,,,,,,1,,,,19,,1,,,,,1,,,,,,,,,,,,,,,,,,,,,,,,,,,,,1,,,,,,2,,,,,,,,,,,,,,2,1,,,,,,,,,,,,,1,,,1,,,,,,,,,,,,,1,,,,,,,,,,,,1,,,,,,,,,,,,,,,,,,1,,,,,,,,,,,,,,,,,,,,,,1,,,,1,,,,,,,,,,,,,,1,,,,,,,,,,,,,3,,15,,,,,,,,,,1,,,,,2,,,,,1,,,,,,,,,,,,,,,,,,,,,,,,,,,,,,,,,,,,,,,,2,,1,4,,,,,,,,,,,,,,,,,,,,,,,,,,,,,,,,,,,,,,,,,,,,,,2,,,,,,,,,,,,,,,,,,,,,,,,,,,,,,,,,,,,,,,,,,,,,,,1,,,,,,,,,,,,,,,,,,,,,,,1,,,1,,,,,,1,,,,,,,,,,,,,,,,,,,,,,,,,,,,,,1,,,,,,2,,,,,,,,,,1,,,1,,,,,,1,,,,,1,,,,1,,,1,,,,1,,,,,,,,,,,,,,,14,,,,,,,,,,,,,,,,,,,,,,,,,221
CoalIntegratedGasificationCombinedCycle,,,,,,,,,,,,,,,,,,,,,,,,,,,,,,,,,,,,,,,,,,,,,,,,,,,,,,,,,,,,,,,,,,,,,,,,,,,,,,,,,,,,,,,,,,,,,,,,,,,,,,,,,,,,,,,,,,,,,,,,,,,,,,,,,,,,,,,,,,,,,,,,,,,,,,,,,,,,,,,,,,,,,,,,,,,,,,,,,,,,,,,,,,,,,,,,,,,,,,,,,,,,,,,,,,,,,,,,,,,,,,,,,,,,,,,,,,,,,,,,,,,,,,,,,,,,,,,,,,,,,,,,,,,,,,,,,,,,,,,,,,,,,,,,,,,,,,,,,,,,,,,,,,,,,,,,,,,,,,,,,,,,,,,,,,,,,,,,,,,,,,,,,,,,,,,,,,,,,,,,,,,,,,,,,,,,,,,,,,,,,,,,,,,,,,,,,,,,,,,,,,,,,,,,,,,,,,,,,,,,,,,,,,,,,,,,,,,,,,,,,,,,,,,,,,,,,,,,,,,,,,,,,,,,,,,,,,,,,,,,,,,,,,,,,,,,,,,,,,,,,,,,,,,,,,,,,,,,,,,,,,,,,,,,,,,,,,,,,,,,,,,,,,,,,,,,,,,,,,,,,,,,,,,,,,,,,,,,,,,,,,,,,,,,,,,,,,,,,,,,,,,,,,,,,,,,,,,,,,,,,,,,,,,,,,,,,,,,,,,,,,,,,,,,,,,,,,3,,,,,,,,,,,,,,,,,,,,,,,,,,,,,,,,,,,,,,,,,,,,,,,,,,,,,,,,,,,,,,,,,,,,,,,,,,,,,,,,,,,,,,,,,,,,,,,,,,,,,,,,,,,,,,,,,,,,,,,,,,,,,,,,,,,,,,,,,,,,,,,,,,,,,,,,,,,,,,,,,,,,,,,,,,,,,,,,,,,,,,,,,,,,,,,,,,,,,,,,,,,,,,,,,,,,,,,,,,,,,,,,,,,,,,,,,,,,,,,,,,,,,,,,,,,,,,,,,,,,,,,,,,,,,,,,,,,,,,,,,,,,,,,,,,,,,,,,,,,,,,,,,,,,,,,,1,,,,,,,,,,,,,,,,,,,,,,,,,,,,,,,,,,,,,,,,,,,,,,,,,,,,,,,,,,,,,,,,,,,,,,,,,,,,,,,,,,,,,,,,,,,,,,,,,,,,,,,,,,,,,,,,,,,,,,,,,,,,,,,,,,,,,,,,,,,,,,,,,,,,,,,,,,,,,,,,,,,,,,,,,,,,,,,,,,,,,,,,,,,,,,,,,,,,,,,,,,,,,,,,,,,,,,,,,,,,,,,,,,,,,,,,,,,,,,,,,,,,,,,,,,,,,,,,,,,,,,,,,,,,,,,,,,,,,,,,,,,,,,,,,,,,,,,,,,,,,,,,,,,,,,,,,,,,,,,,,,,,,,,,,,,,,,,,,,,,,,,,,,,,,,,,,,,,,,,,,,,,,,,,,,,,,,,,,,,,,,,,,,,,,,,,,,,,,4
ConventionalHydroelectric,,,,10,,6,15,,,2,,,14,2,1,,,,,,3,2,,,,,9,8,,5,,10,,30,,,6,,,,,,,,9,1,,2,,,,,,,,,,,,,4,,,4,2,,,,1,2,,,,,,,1,,,3,,,,2,,,,,,7,,7,5,,,,1,,14,,11,,2,,26,,,,,4,,,4,,,6,2,2,,7,9,,,2,4,7,,,5,3,,,,,,,,,,,,1,,,,,,,,,,,,,,9,,3,,3,,,5,6,,2,22,,,4,,9,,3,9,5,,,,2,,5,,,1,,,7,8,17,,12,,,6,,18,5,3,,,2,,,1,,4,,,1,,,,,,8,,,,,4,,,,5,32,,17,,,12,1,,,,,6,103,,13,,,,4,,,26,,,,,3,11,2,,11,,2,,6,2,,,21,,,,,,8,,,,,,,,,,,,20,,,2,,,8,,,,3,,,30,4,,5,,,,8,,,,4,,,,5,,21,,,,,,3,5,,,,,,,,,4,,,,,,,,,,6,3,2,,,1,1,6,3,,,,,,,,11,3,,,,,,,,,,,3,62,,,2,,,5,,,,2,,1,,,,5,,,,,4,17,,3,,,,20,5,,,,,,,,9,,,,,,,14,,2,,,,16,1,,,7,7,,,,,,,3,,74,,,,14,34,,,13,,3,,,,5,4,2,4,,2,,,,,,,,,,,2,,,2,,,5,,,16,3,,17,7,3,,,1,52,,2,,1,6,2,,,,2,,7,3,,,,,7,,2,,,10,,,11,,4,36,,,,9,,,,,,6,11,,,,,,5,4,,3,6,,,3,,,,2,,,21,,5,15,,,,,,10,,,,,,,,5,,,3,,,,,,,7,2,,,,6,,,,,,,1,16,2,,,,21,2,10,,3,,11,,,,,3,,16,10,,,75,,,,19,,,,,,,,14,,,,6,,,3,,5,,1,1,,4,,,15,,2,,11,5,11,,,,16,,,,,,,,,,,,5,,,3,7,6,,,,,1,10,2,,,6,,31,,13,,3,,5,,,10,7,,1,21,1,2,13,,,32,,,,,,,,,55,9,5,1,,,44,9,9,,3,3,,,,33,6,,1,,,,,,,,,3,,4,,4,11,12,,,3,,3,,13,,8,,26,15,2,,7,9,,14,,,2,4,3,11,,5,7,,,2,,,,,,,,,,,,,,9,4,,,2,,5,15,2,11,,15,4,,,6,,,,8,,,,4,,,,,,,15,,7,,6,,,2,7,,,8,,3,,9,,,,,,21,2,,8,,,3,,,,3,,,4,,,,,12,7,,,3,,8,,,2,,,14,2,,,,,,,,,,,,,,,,,,,,,,7,,,,,,,,,,13,,,,2,11,,10,,,,2,32,,,2,,1,,2,19,3,7,,6,,,,,,8,,,,,7,3,,,,,,,,,10,2,59,,,,,,,,,,,2,11,3,,,,,,,,,7,18,,10,2,15,,,,23,4,20,,,,,,,3,,,,,5,,,6,,5,,2,7,,3,,,,6,,,1,4,,2,,,,,,,,1,,,9,,,,5,,,,7,7,,4,1,,14,,2,,,,,1,3,8,,,,,,,,,,,,11,6,2,10,,5,4,,,,,,4,,,,22,12,6,,,,,,,3,2,2,,1,,7,,,,,,,44,,8,,6,,,,,,,3,,,,,,,6,6,4,,,51,,,,,,16,,,7,,10,5,2,8,3,3,5,,3,40,,1,,,,5,,11,,,9,,7,,,3,,,,3,2,,3,,,,6,,,2,,,20,82,1,,,,,,1,,,9,,2,,19,7,4,,,,,,,3,,,,3,,3,,,8,,1,,,,4,,,,6,,,,4,,,,,,,,2,,,,,5,,,7,3,,,10,2,27,,2,,,,17,,,,8,14,11,,,4,,8,,2,2,,,,,,,3,,,,,,,,,,2,,,,,,2,,13,4,,,,3,,,8,,7,25,,2,34,,4,,,3,,,6,,,,,,,2,2,2,,17,,4,,2,,6,,,,3,,2,,,,,,33,10,,2,,,,37,,,,,,3,4,3,,,,,,9,,,,,,,,,,,25,,4,,,,4009
ConventionalSteamCoal,,,,,,2,,,1,,,,,,,,,,1,1,,1,,1,,,,,,,,1,,,3,,,,6,,,,,,2,,,,,,1,,,,,,,,,,,,,,,,,,,,,,,,,,,,,4,,,,,4,,,,,,,,,,,,,,1,,5,,,,,,,4,,1,,,,,,,1,,,,,1,,,,,,,,,,,,,,,,,,,,,,,,,,,,,,,,,,1,,,,,,,,,,,,,,,,,1,,,,,,2,,,6,,,,,,2,,,,4,,,,,,,,,,4,,,,,,,,,,,,2,,,,,,,,,4,,,,,,,,,2,,,,,,,,,2,,2,,,2,,,,,,,,,,2,,,,,,1,2,2,,,,1,,,,,,,,,,,,,,2,,,,,,,,,4,,4,,,,,,2,,,,,,,,,,,,,,,,,,,,,,,,,,,,,,,,,,,,,,,,,,,2,,,,,1,1,,,,,,,,,,,,,3,,,,,,4,,,,,,,,,,,2,,,,1,,,,,,,,,,,,,,2,,5,,,,,4,,,,1,,16,,1,,,,,,3,,1,,,,2,,,,,,,4,4,,,,,,,,,,,,7,,,,,5,,,,,,4,5,,,,,,,1,,,,1,,,,,,,,,,,,,4,,,,,,,,2,,,,,,,,,,,,,,,,,,2,1,2,,,,,,,,,,,,,,,,,4,,,,,,,,,2,,1,,,,,,,,,,,,,2,,,,,,1,,,,,,,,,,,,,2,,,,,2,,,,,,,,2,6,,1,,,,,,,,,,,,2,,4,5,,,24,,,,,,,,,,,,,,,,,,,,,,,,,,,,,,,,,,,,,,,,,,1,,,,,,,,,,,,,,,,,,,,8,,,2,,,3,,,,,,,1,,1,,,,,,,,,,,,2,,,,,,,1,,,,,2,4,10,,,,,,1,,,,,1,,,,,,,,,,,,,8,,,,,,,1,,2,,,,,1,,,,2,,5,6,,,,,1,,,,9,,,,,,,,2,1,,,,,,,,,,,,,,,,6,,2,,,,,,2,,,,6,,,,,1,,2,3,,,,4,8,,,,2,,2,,,1,,,,2,,,,,,4,,,,1,,,,,,,,2,,,,,,,,,,,2,,,,,,,,2,,,,,,,,1,,1,,,,,,,,,,,,1,,,,,,2,,1,,,,,3,,,,,,,,,2,,3,2,,,1,,,,,,,,,,,,,,,,,,,,,,1,,,,,,2,,,,5,,,,,,,,4,,,,,,,,,,,,6,2,,,,2,6,,,,,2,3,2,3,,,,,,,,2,,,,,3,2,,5,,,,,,,,,,5,,1,,,,,,,,,,1,,,,,,,5,,2,,,,,9,,,4,,,,2,,,,1,,,,3,,2,,,3,,,,,,,,,1,,,,,,,3,,,,,,2,,,,4,,,,,,,,,,,,,,,,,,,,,,3,,,1,1,,,,,,,,,,,1,1,3,,,,,,,,,,,,,,,,,,,,,,,2,,,,,,,,,,,2,8,,,,,,,,,2,,,,,,,5,,,,,2,,,,,,,,16,,4,,,,1,,,,,12,,,,,,,,,,,,2,,,,,,,,,,,,,,2,,,,,,,1,,,2,,,,,,,,,,2,,,1,,,1,,,,,,,,,,,,,,,,,1,,,2,1,,,,,,,,,,,,,,,,,,,,1,,,,6,,,,,1,,,,,8,,,,2,,,,,,,,,,,,,,,,,,,,,,1,,,,3,,,,,,,,1,2,2,,,,,,,,,,1,,,,,,,,,,,1,,,1,,,,,,595
Flywheels,,,,,,,,,,,,,,,,,,,,,,,,,,,,,,,,,,,,,,,,,,,,,,,,,,,,,,,,,,,,,,,,,,,,,,,,,,,,,,,,,,,,,,,,,,,,,,,,,,,,,,,,,,,,,,,,,,,,,,,,,,,,,,,,,,,,,,,,,,,,,,,,,,,,,,,,,,,,,,,,,,,,,,,,,,,,,,,,,,,,,,,,,,,,,,,,,,,,,,,,,,,,,,,,,,,,,,,,,,,,,,,,,,,,,,,,,,,,,,,,,,,,,,,,,,,,,,,,,,,,,,,,,,,,,,,,,,,,,,,,,,,,,,,,,,,,,,,,,,,,,,,,,,,,,,,,,,,,,,,,,,,,,,,,,,,,,,,,,,,,,,,,,,,,,,,,,,,,,,,,,,,,,,,,,,,,,,,,,,,,,,,,,,,,,,,,,,,,,,,,,,,,,,,,,,,,,,,,,,,,,,,,,,,,,,,,,,,,,,,,,,,,,,,,,,,,,,,,,,,,,,,,,,,,,,,,,,,,,,,,,,,,,,,,,,,,,,,,,,,,,,,,,,,,,,,,,,,,,,,,,,,,,,,,,,,,,,,,,,,,,,,,,,,,,,,,,,,,,,,,,,,,,,,,,,,,,,,,,,,,,,,,,,,,,,,,,,,,,,,,,,,,,,,,,,,,,,,,,,,,,,,,,,,,,,,,,,,,,,,,,,,,,,,,,,,,,,,1,,,,,,,,,,,,,,,,,,,,,,,,,,,,,,,,,,,,,,,,,,,,,,,,,,,,,,,,,,,,,,,,,,,1,,,,,,,,,,,,,,,,,,,,,,,,,,,,,,,,,,,,,,,,,,,,,,,,,,,,,,,,,,,,,,,,,,,,,,,,,,,,,,,,,,,,,,,,,,,,,,,,,,,,,,,,,,,,,,,,,,,,,,,,,,,,,,,,,,,,,,,,,,,,,,,,,,,,,,,,,,,,,,,,,,,,,,,,,,,,,,,,,,,,,,,,,,,,,,,,,,,,,,,,,,,,,,,,,,,,,,,,,,,,,,,,,,,,,,,,,,,,,,,,,,,,,,,,,,,,,,,,,,,,,,,,,,,,,,,,,,,,,,,,,,,,,,,,,1,,,,,,,,,,,,,,,,,,,,,,,,,,,,,,,,,,,,,,,,,,,,,,,,,,,,,,,,,,,,,,,,,,,,,,,,,,,,,,,,,,,,,,,,,,,,,,,,,,,,,,,,,,,,,,,,,,,,,,,,,,,,,,,,,,,,,,,,,,,,,,,,,,,,,,,,,,,,,,,,,,,,,,,,,,,,,,,,,,,,,,,,,,,,,,,,,,,,,,,,,,,,,,,,,2,,,,,,,,,,,,,,,,,,,,,,,,,,,,,,,,,,,,,,,,,,,,,,,,,,,,,,,,,,,,,,,,,,,,,,,,,,,,,,,,,,,,,,,,,,,,,,,,,,,,,,,,,,,,,,,,,,,,,,,,,,,,,,,,,,,,,,,,,,,,,,,5
Geothermal,,,,,,,,,,,,,,,,,,,,,,,,,,,,,,,,,,,,,,,,,,,,,,,,,,,,,,,,,,,,,,,,,,,,,,,,,,,,,,,,,,,,,,,,,,5,,,,,,,,,,,,,,,,,,,,,,,,,,,,,,,,,,,,,,,,,,,,,,,,,,,,,,,,,,,,,,,,,,,,,,,,,,,,,,,,,,,,,,,,,,,,,,,,,,,,,,,,,,,,,1,,,,,,,,,,,,,,,,,,,,,,,,,,,,,,,,,,,,,,,,,,,,,18,,,,,,,,,,,,,,,,,,,,,,,,,,,,,,,,,,,,,,,,,,,,,,,,,,,,,,,,,,,,,,,,,,,,,,,,,,,,,,,,,,,,,,,,,,,,,,,,,,,,,,,,,,,,,,,,,,,,,,,,,,,,,,,,,,,,,,,,,,,,,,,,,,,,2,,,,,,,,,,,,,,,,,,,,,,,,,,,,,,,,,,,,,,,,,,,,,,,,,,,,,,,,,,,,,,,,,,,,,,,,,,,,,,,,,,,,,,,,,,,,,,,,,,,,,,,,,,,,,,,,,,,,,,,,,,,,,,,,,,,,,,,,,12,,,,,,,,,,,,,,,,5,,,,,,,,,,,,,,,,,,,,,,3,,,,,,,,,,,,47,,,,,9,,,,,,,,,,,,,,,,,,,,,,,,,,,,,,,,,,,,,,,,,,,,,,,,,,,,,,,,,,,,,,,,,,,,,,,,,,,,,,,5,,,,,,,10,,,,,,,,,,,2,,,,,,,,,,,,,,,,,,,,,,,,,,,,,,,,,,,,,,,,,,,,,6,,,,,,,3,,,,,,,,,,,,,,,,,,,,,,,,,,,,,,,,,,,,,,,,,,,,,,,,,,,,,,,,,,,,,,,2,,,,,,,,,,8,,,,,,,,,,,,,,,,,,,,,,,,,,,,,,,,,,,,,,,,,,,,,,,,,,,,,,,,,,,,,,,,,,,,,,,,,,,,,,,,,,,,,,,,,,,,,,,,,,,,,,,,,,,,,,,,,,,,,,,,,,,,,,,,,,,,,2,,,,,,,,,,,,,,,,,,,,,,,,,,,,,,,,,,,,,,,,,,,,,,,,,,,,,,,,,,,,,,,,,,,,,,,,,,,,,,,,,,,,,,,,,,,,,,,,,,,,,,,,,,,,,,,,,,,,,,,,,,,,,,,,,,,,,,,,,,,,,,,,,,,,,,,,,,,,,,,,,,,,,,,,,,,,,,,,,,,,,,,,,,,,,,18,,,,,,,,,,,,,,,,,,,,,,,,,,,,,,,,,,,,,,,,,,,,,,,,,,,,,,,,,,,,,,,,,,,,,,,,,,,,,,,,,,,,,,,,,,,,,,,,,,,,,,,,,,,,,,,,,,,,,,,,,,,,,,,,,,,,,,,,,,,,,,,,,,,,,,,,,,,,,,,,,12,,,,,,,,,,,,,,,,,,,,,,,,,,,,,,,,,,,,,,,,,,,,,,,,,,,,,,,,,,,,,,,,,,,,,,,,,170
HydroelectricPumpedStorage,,,,,,,,,,,,,,,,,,,,,,,,,,,,,,,,,,,,,,,,,,,,,,,,,,,,,,,,,,,,,,,,,,,,,,,,,,,,,,,,,,,6,,,,,,,,,,,,,,,,6,,,,2,,,,,,,,,,,,,,,,,,,,,,,,,,,,,,,,,,,,,,,,,,,,,,,,,,,,,,,,,,,,,,,,6,,,,,,,,,,,,,,,,,,,,,,,,,,,,,,,,,,,,,,,,,,,,,,,,,,,,,,,,,,,,,1,,,,,,,,,,,,,,,,,,,,,,,,,1,,,,,2,,,,,,,,,,,,,,,,,,,,,,,,,,,,,,,,,,,,,,,,,,,,,,,,,,,,,,,,,,,,,,,,,,,,,,,,,,,,,,,,,,,,,,,,,,,,,,,,,,,,,,,,,,,,,,,,,,,,,,,,,,,,,,,,,,4,,,,,,,,,,,,,,,,,,,,,,,8,,,,,,,,,,,,3,,,,,,,,4,,,,,4,,,,,,,,,,,,,,,,,,,,,,,,,,,,,,,,,,,,,,,,,,,6,,,,,,,,,,,,,,,,,,,,,,,,,,,,4,,,,,4,,,,,,,,,,,,,,,,,,,,,,,,,,,,,,,,,,,,,,,,,,,,,,,,,,,,,,,,,,,,,,,,,,,,,,,,,,,,,,,,,,,,,,,,,,,,,,,,,,,,,,,,,,,,,,,,,,,,,,,,,,,,,,,,,,,,,,,,,,,,,,,,,,,,,,,2,,,,,,8,,,,,,,,,1,,,,,,,,,,,,,,,,,,,,,,,,,,,3,,,,,,,6,,,,,,,,,,,,,,,,,,,,,,,,,,,6,,,,,,,,,6,,,,,,6,,,,,,,,,,,,,,,,,,,,,,,,,,,,14,,,,,,,,,,,,,,,,,,,,,,,,,,,,,,,,,,,,,,,,,,,,2,,,,,,,,,,,,,,,,,,,,,,,,,,,,,12,,,,,,,,,,,,,,,,,,,,,,4,,,,,,,,,,,,,,,,,,,,,,,,,,,,,,,,,,,,,,,,,,,,,,,,,,,,,,,,,,,,,,,,,,,,,4,,,,,,,,,,,3,,,,,,,,,,,,,,,,,,,,,,,,,,,,,,,,,,,,,,,,1,,,,,,,,,,,,,,,,,2,,,,,,,,,,,,,,,,,,,,,,,,,,,,,,,,,,,,,,,,,,,,,,,,,,2,,,,,,,,,,,,,,,,,,,,,,,,,,,4,,,,,,,,,,,,,,,,,,,,,,,,,,,,,,,,,,,,,,,,,,,,,,,,,,,,,,,,,,,,,,,,,,,,,,,,,,,,,,,,,,,,,,,,,,,,,,,,,,,,,,,,,,,,,,,,,,,,,,,,,,,,,,,,,,,,,,,,,,,,,,,,,,,,,,,,,,,,,,,,,,,,,,,,,,,,,,,,,,,,,,,,,,,,,,,6,,,,,,,,,,,,,,,,,,,,,,,,,,,,,,,,,,,,,,,,,,,,,,,,,,,,,,,,,,,,,,,,,,,,,,,,,,,,,,,,,153
LandfillGas,,,,2,,,,,,,4,,9,,,,,,,,,3,,,,,,,48,,5,7,,,2,,,,,,,4,,,,,,,,5,,,2,,,,,,,,,,,,,3,,,2,,,,,,,1,,3,,,,,,,2,,,,,,,,,,,,,,8,,2,6,,,4,,,17,,,,,,,,,,,,,,8,,,,,,,,,1,,,,,6,,,6,,12,,,,,1,4,3,,35,,1,,3,,,,,,,,,,,,,1,3,,,,,,,,4,,,,2,,,,,,,1,,,,,,,,,,,4,2,,,5,,,2,,,,,,,,,,48,,,,2,,8,,6,,,,,,,,2,48,,1,,,,,,,,,4,,,,,,,1,,,2,1,,,,,,,,,,15,,,,,,,,,,,3,,,5,,,,,,,2,,,,,5,,,3,,,,,,,,,,,,18,2,,,,,,7,,,,,,,3,,3,,,,,,,1,,,3,,,,,,,,3,,,,9,,,,,,,,2,,,,,,,,,,,2,,,,,9,,,,,,,2,,2,,6,,,,,,,,,,,,,6,,,,,,,,,,,12,2,,1,,,,,4,,,,,,,,,,,1,,,,,,,,4,,54,2,,,,,,,2,,,,,,,,,3,,,21,,,1,,,,,12,,,,,,,,,,,,,,,,,,,,,,,,,,,,1,3,,3,2,,,,,,,1,,,5,,,,,,,4,1,,6,,,,,,,3,,,,,,,,,,,,,,,,,,,14,,,16,1,,1,,,,,2,,,,,,,,,,3,,,,1,,,,,,,,,,,,,,,,,,,,,,,,,,2,,,,,,,,,8,,4,,12,,,,,,,,1,,,,,,,1,,,6,,,,,,,,,,,,11,7,,,,,,,,18,36,,4,,,,,,,,,,8,,,,2,,3,,1,,6,,,,,,10,,4,,,,,4,,,,,,,5,,,,2,4,,,,,3,,,,,,,,,,,,3,,3,,,18,,15,,,,,4,,2,,,,4,,,,17,,,1,,23,,1,,8,3,,2,2,,3,,,,4,,,,,,,,,,,,,,,,,,,,,,4,,,,,,2,,,,,,,,,,,,,,,12,,,,,,8,,,,,,,,,,,,,8,3,5,,12,,,,,2,,,3,,,,,,,,,,,,,,,,,,,,,,,,,2,,,,,,,,,,11,,,,,,,,,,,5,,,,,,,2,12,,,,,9,,,,,,,,,2,,1,11,,17,,5,3,,6,,,,,,12,,,,4,,,,,,,,,,,2,,,,,,,,,,,,,4,,,2,,,7,,,,,,,,,3,2,,,,,,,,,,6,,,,,,,,11,,,,,,,,,,,,,,,,7,,5,9,,,24,,,,,,,1,2,,,,,,,,,,,,,,,,,,,,,,,3,,,,,,,,,,,2,3,,,,,,,,,,,,,1,,5,,,,,3,,1,,,,,6,,6,,,,12,,,,,,,4,,1,6,,,,2,1,4,,,4,,,,,,,,,,,2,,,2,,,,3,18,,,,,,7,,,4,,,10,,,,,,,,,,,,6,5,,10,,,3,3,,,,2,,,,,,,,,2,,,,,,,,,,,,,,8,,,,,,,,,,,7,,,4,,,,,1,,5,,,,,,,,,,,,,,,,8,3,,,,,,,,,,,,,,,,,,,,,,3,,,,,,,2,,,,,,,2,,,,,,,2,,,,,,,,,,,,,,,,,,,,,,36,,,,,,30,,,,,,,,,,,,,,,,,,,16,,2,5,,19,,,,,1,,,,,,,,,,,12,,,,,,18,,,,6,,,,,,,,,9,,,,,,,,,,4,,,2,,,,,,,6,,,,,,,,5,,,2,,,,1543
MunicipalSolidWaste,,,,,,,,,,,,,,,,,,2,,,,,,,,,,,,,,,,1,,,,,,,,,,,,,,,,,,,,,,,,,,,,,,,,,2,,,,,,,,,,,,,,,,,,1,,,,,,,,,,,,,,,,,,,,,,,,,,,,,,,,2,,,,,,,,,,,,,,,,,,,,,,,,,,,,,,1,,,,,,,1,,,,,,,,,,,,,,,,,,,,,,,,,,2,,,,,,,,,,,,,,,,,,,,,,,,,,,,,,,,,,,,,,,,,,,,,,,,,,,,,,,,,,,,,,,,,,,,,,,,,,,,,,,,,,,,,,,,,,,,,,,,,,,,,,,,,,,,,,,,,,,,,,,,,,,,,,,,,,,,1,,,,,,,,,,,,,,,1,,,,,,,,,,,,,1,,,,,,,,,,,,,,,,,,,,,,,,,,,,,,,,,,,,,1,,,,,,,,,,,,,,,,,,,,,,,,,,,5,,,,,,2,1,,,,,,,,,,,,,,,,,,,,,,,,,,,,,,,,,,,,,,,,,,,,,,,,,,,1,,,,,,,2,,,,,,,,,,,,,,,,,,,,,,,,,,,,,,,,,,,,,,,1,,,,,,,,,,,,,,,,,,3,,,,,,,,,,,,,1,,,,,,,,,3,,,,,,2,,,,,,,,,,,,,,,,,,,,,,,,,,,,,,,,,,,,,,,,,,,,,,,,,,,,,,,,,,,,,,,,,,,,,,,,,,,,,,1,,,,,,,,,,,,,,,,,,,,,,,,,,,,,,,1,,,,,,1,,,,,,,,,,,,,,,,,,,2,,,,,,,,,,,,,,,,,,,,,,,,1,,,,,,,,,,,,,,,,,,,,,,,,,,,,,,2,,,,,,,,,,,,,,,,,,,,,,,,,,,,,,,,,,,,,,,,,,,1,,,2,,,,,,,,,,,,,,,,,,,,,,,,2,,,,,,,,,,,,,,,,,,,,,,,,1,,,,,,,,,,,,,2,,,,,,2,,,,,,,,,,,,,,,,,,,,,,,,,,,,,,,,3,,1,,,,,,,,,,,2,,,,,,,,,,,,,2,,,,,,,,1,,,,,,,,,,,,,,1,,,,,,,,,,,,,,,,,2,,,,,,,,,,,2,,,,,,,3,,,,,,,,,,,,,,,,,,,,,,,,,,,,,,,,,,,,,,,,,,,,,,,,,,,,,,,,,,,,,,,,,,,,,,,,,,,,,,,,,,,,,,,,,,,,,,,,,,,,,,,,,,,,,,,,,,,,,,,,,,,,,,,,,,,,,,,,,,,,,,,,,,,,,,,,,,,,,,,,,,,,,1,,,1,,,,,,,,,,,,,,,,,,,,,,,,,,,,,,,,,,,3,,,,,,,,,,,,,,,,,,,,,,,,,,,,,,,,,,,,,,,,,,,,,,,,,,,,,,,1,,,,,,,,,,,,,1,,,,,,,,,,,,,,,,,,,,,,,,,,,,,,,,,,,,,,,,,,,,,,,1,,,,,,,,,,,,,1,,,,,,,,,,,,,,,,,,,,,,,,,,,,,,,,,,,,,1,,,,,,,,,,,,,,,,,,,1,,,,,,83
NaturalGasFiredCombinedCycle,,6,,,,7,,4,2,,5,,9,,,,,,,,,2,,7,,,,,,,8,6,,,,,,,,,,,,,,,,,,7,,,,3,,,,,,4,10,,,,,,,,,,,,,,,,,,,,6,,,,3,,,,,,,,,6,,,,,8,10,,4,4,,,,,3,,,,,,,,,3,,,,,,,5,3,,,,,,2,,12,3,,4,,,5,,,,,2,,,4,,,4,,,3,6,,,,4,,,,,,,,2,,,,,6,,6,,,13,,,3,2,2,,,,,,,,,,,3,,,,,,3,,,,,2,,,3,,,3,,7,,,3,,,,,,,,,,,,,,4,,,,4,,,,,,,,,7,,,,,6,,,,,,,47,,,,,,,,,,2,3,,4,9,,,,,,,,,,,,,,,9,,3,,3,,,,19,,,,,,,,7,,,,2,,,,,,,,,,10,,,,,,,2,,2,3,,,,,,,,,,,,,6,,,,,11,,,,3,,,,6,,,,,,,,,,,,,,2,,,,,,,,,,2,,2,,,6,3,,,,,,12,,,9,,,,,,8,,,9,,,,,,2,,10,,,,5,,,5,,,,,,3,,,,,,,4,,,,,,3,2,,,6,,6,,,,,,3,,12,4,,,,,,2,,,,,,,,,,,7,,,,,,,,,,,,,,,,,2,,,,3,3,,,6,,4,,,,,,4,4,10,,,,,,,,,,8,7,,,,,,6,,6,,,,,,,41,6,,7,,,,4,4,3,12,,,,,,3,,,,,,6,,,9,,3,,,,,6,,,,6,,3,3,,,,,,,,5,,,,,,14,,,5,,,,3,,,,,,,,,,,,,,21,7,,,20,,,,,,,2,,4,3,,,3,,,,,,,,,8,2,,3,2,8,,,,6,,15,,,,,,,,,,,4,,,,,,,3,2,,,,2,,3,,,,3,,9,,,,3,,2,,,,,,3,,,,,,,,9,3,3,23,,,,,,,2,,5,,,,,,,,2,,,3,,,,57,,3,4,,8,3,3,,3,5,2,,,,,,,,,,,5,,,,,53,,,,,,,3,11,2,,,,,,8,3,,,,,,,,,,,,,2,,,,,,,,,,,,,,,,,,,,5,29,15,,,,,,,,,,3,,14,,6,,,,,,8,,4,,,,,18,,,6,,,,4,,6,,,,3,,,,,,7,,,,,,,,,8,3,5,,3,,2,8,3,,6,,,,,,,,10,,,11,,,,9,,,,3,,,,,,,,4,,10,,,,2,5,,,,21,,,,,6,,8,,,,6,,9,,5,,2,6,,18,,,,6,,,,,,,,,,2,,,,,,,,3,,,,,,,,,,,,2,,2,3,,5,,,,6,,3,,,,,,,,34,,,,,,,,,,,,,,,3,6,,3,17,,6,9,,,,,14,,,,,3,,,,,,,,,,,,,7,,,,,2,,,,6,,,,,5,,,,,,6,,9,3,5,,3,,,,,,,6,,4,,,,,10,,,,2,,,,,,,12,,14,,3,3,,,,5,2,,,,5,,2,15,,,2,,2,,,,,,,,,,,,,,,3,,,,,,,,3,,,6,,,,,,,,,,,,,,,4,,,,,,,,,,,,,5,,,,,,,11,,,,,,,,,,,,,,,3,2,3,,2,2,,,,5,,,,6,,,,,,,,,3,,,,,,,,,3,,,,,,,,,,,,,,,,,,,,,,4,,4,,,,,8,,,,,3,,,6,,,,,,,,,,,,7,36,,,8,,,,,,6,,,,,,2,,,,6,3,,,10,,,,6,,2,,,,,,,,,,,,6,,,,,,11,,,5,,7,,,,,14,,,,,3,,,9,9,,,,,,,4,,,,,,,,,,,3,,,,,,9,,,,,,,6,,,,,,2,,,,,,,,3,,,3,,13,,,,2,,1952
NaturalGasFiredCombustionTurbine,,4,,,,8,,4,5,,6,2,1,,,,,,,,6,,,3,,,,,,,4,7,,,,,6,,,,,,,,4,,5,,,,,,2,,9,3,1,,,,,,,,,,,,,,,,,1,,,,,,,,,,,,,1,1,,,,,,,1,,,,,,2,,,3,,,,8,,,5,,,1,,,,,,,,7,,,3,,,,,,,,10,3,,9,,,2,,,,7,,,1,7,5,,3,,3,,,,,,2,,,,5,,,,21,1,,,4,7,,7,,,11,1,6,,,1,8,7,,,,,,,,5,,,,,1,,7,,,,,,,,4,,1,,,7,2,,,,,3,,,,,,1,,,,,15,,3,,,,,,,,6,,,,,,,,,,,,,,,29,,1,5,,,,,,,4,,,4,2,4,,,,,,8,,,,,1,,,1,,,,,,,,6,,,21,,,,,,,,1,,5,,,2,,,,,,9,,,,1,2,,7,,,8,,,4,,1,4,,,3,2,,,,,3,5,,,,,,,,,4,1,,,,,,,,,,,4,,1,2,,,,,,,,,,,,12,,,,9,2,,4,,,2,,,10,,,,,,,,4,18,,,,,,,1,8,,,,,,,7,,,,,7,9,,3,,,,2,,,4,2,,,2,6,1,,,2,22,,,,,,,,6,,,,,,,1,,,,,,,,,,,2,,,,,,,2,,,,,,,,,,,,,,,,,,24,,,,,,,,,,,,,,,,,3,,3,,2,2,,,1,,3,,11,,2,3,,,,46,1,2,2,,,,,,16,9,,1,,,,1,4,5,,,,6,,,5,,2,,,,,4,,,,,,2,,2,20,,,,20,,1,,,2,,,3,,,3,,,,1,,,,,,,,,1,1,1,,,23,7,,,26,3,,,,,,13,,2,,,,1,1,,,,8,1,,,,2,,4,17,,,,4,6,,65,,,,,,,,,,,39,,,,,,,4,,5,,,2,,1,,,5,6,,,,,,5,,,,,,,,1,5,,,,1,,1,11,5,,14,,,,,,,2,,,,,,,,22,1,1,,2,,4,5,,44,2,,5,,,5,,,,5,,,,7,5,1,,10,,,,1,,1,2,,16,,4,9,,,,12,6,,5,,,,,,,,,2,,,,,,5,,,,1,,,3,,,,,,,,,,,,9,,,1,1,,4,,,,,,2,,,3,,,12,3,,2,,,,4,5,5,,24,,,,,3,,,,1,,3,,,,,,,,,,,,,18,,,,,1,,,,2,2,9,,2,,,,6,,,,,,,2,,,4,,,4,9,,,3,,,4,4,,,,,1,,,,2,4,3,,3,,,,,,11,4,1,,,14,,,,,9,2,,3,,2,,,,,,,2,,,,,,3,,1,,,,,,,,,,,5,1,2,,8,,,,1,,6,6,2,2,4,7,25,,2,,,1,,,2,5,,2,,,,2,25,,2,1,,3,,,,,,,,,,,7,,,2,,3,,,,,,26,,1,,,,,,,,,,,,,,,3,,,,,,,,,6,13,,,,,23,,,,,,,,6,4,1,,,,,1,,,,3,,,3,1,,,3,,,,,,1,15,,,,22,,31,,,,1,,2,5,,1,1,,,,1,8,5,,3,,,5,,,,,,,,,,,,8,,,4,,,,,1,,3,,2,28,1,3,,,,,,,,7,,,4,,,6,1,,,,,,,,1,,,8,,,,,,,,11,,,1,,1,,,1,,,,2,,2,,1,,,1,1,,,2,1,,,10,,,,9,,4,,,4,2,,,,,,6,2,,,,,2,,,,,,,,,,,1,,,1,,,,,,,3,,,,11,,6,,,,,2,2,,,,1,,,,,,,,,6,4,,1,,,2,,,,,,3,,5,5,4,9,,7,1,5,,3,,,,,3,,,,,,,,,10,,5,,2,,,,,,36,,,2,,29,3,2,,1,6,4,2,,,,,,,2,,,,,,,,,,,,39,,6,,2,,1,,,6,,,,8,,,,,,1,1,,,,1,2,,,,,,,,1,,,4,,,,,,5,,2237
NaturalGasInternalCombustionEngine,,,,,,,,,1,,,,,,,,,,,,,,,,2,,,,,,10,,,,,,,,,,,,,,,,,,,,,,,,,,,,,,,,,,,,1,,,3,,,,,,,3,,3,,,,,,4,,,,,,,,,3,,,,,5,4,,,,2,,,,,,,,,,,,,,,,,,,,,,,,,,,16,3,4,,3,,,,,,,,8,,,,,,,,,,,,,,,,8,,,,,,,16,7,,,,,,2,,,4,,,,,,,,,,,,3,,1,,5,,,,,,,,,,,,,,,5,,,,,1,,,,,,,,,,,,,,,,,,,,,2,3,,,,,,,,,,,,,,,,,,,5,,,6,,,,,,,,,,,,,,,,2,4,,,,,,,6,,12,,,,,,,,,,,34,,,,,,,,,,,,,4,,,,,,,3,,,5,,,,,,,,,,,2,,,,7,,,,,,,,,,,,12,,,,,,,,2,,,,,,,,,2,,,,,,,2,,,,,5,,1,,,,,,,,,,,,,,,2,,,,12,,,1,,,4,,,,11,12,,,,,,,1,,,,,,,2,3,,,,,,,,,,,3,15,,,,5,,24,3,5,6,,,,1,,,,,,,,3,2,,,,,,,,,,,,,,,,,,,,,,,,,,12,,,,,3,,,3,,,,,,,,,,,,,,,,,18,,,,,,,,,,,,,,,,,,3,21,,,7,,,,,,,,3,,,,,,,7,,,,12,,,,2,,,,1,,,,,,,,,,,,,,10,,3,,,2,,,,,,,,,4,,,,,,,,,,,,,,,,9,13,,,37,,,,,,,6,,,,,,1,,2,,,22,,,,,,,,,,,,,,,2,,,,,,,,5,,6,6,,,,,,,,,,,,,,,,,,4,,,,,,1,,,,,,,4,,,,2,2,,,,,5,,,,,,,,,7,5,,,,,,,,1,,,,,,8,,1,,,,,,,5,,,,,,,,,,16,,,,,,,,,,,,,,,,10,,4,,,,,,,,,,,,,,,6,,,,,,5,,,,4,,,,,,,,,,,4,,,,,10,1,,,,,,,,,,,,2,,,,,,,8,,,,17,,,,,,,,,,,,,,,,,4,,,,,,,1,,,,7,5,,,,,,,,,,,,4,,,,,,,,,,5,,,,10,,,,,,,,1,,,,7,,,,,,,,7,4,,,,,3,,,11,3,,,,,10,,18,,,,,,,,,,,,,,,,,,,2,,,,,3,,,,,,,,,,,,,,15,,,,,,,10,1,,,,,,,,,,,,,,,6,,,,,,,9,,,,2,,2,,,,,,,1,,,,,2,,,,,,,,,,,,7,,,,,,1,,,5,,4,,,,,7,2,,,,,,1,,,,,,2,,2,,4,,,,4,,,,,,,,3,,,,,,,,,,3,3,,,,10,,4,,1,6,,,,,,,,,,,,9,,,,,,,,5,,,,,,,,,,5,,,,,,,,,,,,,,,,7,,,,9,,,,,,,,,3,2,,,,,,,,6,,,6,,,,,,,,3,,,4,,,,,1,,,,,,1,,,,,,,,,14,,,,8,,,,,,,5,,,,,,,,,,,,,,,8,,,,16,,,,,,,,,,,3,,,,,,,,,,2,2,,,,,,,,,,,,,,,,,,,,2,,,15,,,,,,,,,,,,3,,,,,,,,,,,,,,,,,4,,,,,,,,,,,9,,,,11,,,,,,,,,,,,,4,,,,,,,,,,,,2,,,,,,,,12,,,,,,,,,,13,,,,,3,,3,,,2,,,5,,,,,2,,,,,,,,,,,,,,1144
NaturalGasSteamTurbine,,,,,,5,,1,1,,,,,,,,,,,,,,,,,,1,,,,,1,,,1,,,,,,,,,,,,1,1,1,,,,,,,,,,,,,,,,,,3,,,,,,,,,,,,1,,3,,,,2,,,,,,,,,,,,,,,,,,1,3,,,,5,,,3,,,,,,1,,,,,6,,,,,,,,,,,,1,,3,,,,,,,1,,,,,6,,,,4,,,,,,,,,,,,,,4,,,,,9,,3,,,9,,2,,,,,,,2,,,,,,,,,,,,,,,,,,,,,,,2,,,2,9,,,,,,,,,5,,2,,,,,2,,,,1,,,,,,,,,,,,,,,,,,,,,,,,3,,,4,,,,4,,,,,2,,,,,,,,,,,3,,,,,,,,,,,,,,3,,,,,,,2,1,,,,,,,,,,,,,,,,2,,,,6,3,,,,1,,,,,,,,,,,,,,2,,,2,,,,,,,,,,,,,,,,,,2,3,,,,,4,,,,,,,,,,,2,,,6,,,,,,,,,,,,,,,7,,,,,,,5,4,,2,,,,,,,,,,,,,2,,,,,,,,1,,,4,1,,,,,,,,,,,,,,,,,,,,,,,,,,,4,,,,,,,,,,,,,1,,,,,,,,,,,,,,,,2,,,,,,,1,,,,,,,,,,,,,3,2,1,,,,,,,,,,,,,,1,2,,,,,,,,,,,,1,,,1,,,,,,,,,2,,,,,,,,,,,1,,,,,,,,,,3,,,,,,,,,,2,,,,5,,,,,,,,,1,,,2,,4,,1,,12,,,,,,,1,,1,,,,1,,,,,,,,,,1,,,,,,,,1,,,1,,,,,1,,,,,,,,,,,,,,,,,,,,,,,,,,4,,,,,,,,,,,,,,,,,,,4,3,,,,,,,,,,,,,2,,,,4,1,,,,,,,,15,,,,,,4,,,,,,,,2,,,,1,,,,2,2,,1,,5,,,11,,,,3,,,,,,,,,,,,,,,,,,,,,,,,,,,,,,,,,,,,,,,,,,,3,,,,,,2,,,,,,,2,,,,,,10,,,,7,,,,,1,,,,,,,,,,,,,,5,,,,,2,,,,,,,,,3,,1,,4,,,,2,,,,,,,,,,,,,2,,,,1,,,,,,,,,,,,,,3,,,4,1,,,,,11,1,,,,1,,,,,,,,1,,,,1,,,1,,3,,,,,,2,,,,,,,,,,,,,,,,,,,,,2,1,,,,,,2,,,,,,,,,,,,,,,,3,,,1,1,,,,,3,,,,1,,,,3,,,5,,,,,1,,,7,,,,,,,,,1,,,,,,,,,,,,,,,,,,3,2,,,,,,,,,,,,3,,2,,1,,,,,1,,,,,2,,,,1,,,,,,,3,,,,,,,3,,,,1,,,,,,,,,,,,,,,,,,,,,,,,,,,,1,,,,3,1,,,2,,,,,5,,,,,,,,,,,,,,,,,,,,,,,,,,,,,,,,,,3,4,4,,,,,1,,,,,,,6,,5,1,8,3,,1,,,,1,6,,1,9,,5,2,1,,,,,,,,,,,,,,,,,,3,,,,,,3,,,,,,,,,3,,,,,,,,,,2,,,,,,,,4,,,,,1,,2,,,,,,3,,,,,,,,,,,,,,,2,,,,,,,,,1,,,,1,,,,,,,,,,,,,1,,,,,,1,,,,,4,,,,1,,,,,,,,,,,,,,,,,,,,,,3,,,,,,,,,,,,,4,,,1,,3,6,2,,,,5,1,,,,,,1,,,,,,,7,2,,,1,,580
NaturalGaswithCompressedAirStorage,,,,,,,,,,,,,,,,,,,,,,,,,,,,,,,,,,,,,,,,,,,,,,,,,,,,,,,,,,,,,,,,,,,,,,,,,,,,,,,,,,,,,,,,,,,,,,,,,,,,,,,,,,,,,,,,,,,,,,,,,,,,,,,,,,,,,,,,,,,,,,,,,,,,,,,,,,,,,,,,,,,,,,,,,,,,,,,,,,,,,,,,,,,,,,,,,,,,,,,,,,,,,,,,,,,,,,,,,,,,,,,,,,,,,,,,,,,,,,,,,,,,,,,,,,,,,,,,,,,,,,,,,,,,,,,,,,,,,,,,,,,,,,,,,,,,,,,,,,,,,,,,,,,,,,,,,,,,,,,,,,,,,,,,,,,,,,,,,,,,,,,,,,,,,,,,,,,,,,,,,,,,,,,,,,,,,,,,,,,,,,,,,,,,,,,,,,,,,,,,,,,,,,,,,,,,,,,,,,,,,,,,,,,,,,,,,,,,,,,,,,,,,,,,,,,,,,,,,,,,,,,,,,,,,,,,,,,,,,,,,,,,,,,,,,,,,,,,,,,,,,,,,,,,,,,,,,,,,,,,,,,,,,,,,,,,,,,,,,,,,,,,,,,,,,,,,,,,,,,,,,,,,,,,,,,,,,,,,,,,,,,,,,,,,,,,,,,,,,,,,,,,,,,,,,,,,,,,,,,,,,,,,,,,,,,,,,,,,,,,,,,,,,,,,,,,,,,,,,,,,,,,,,,,,,,,,,,,,,,,,,,,,,,,,,,,,,,,,,,,,,,,,,,,,,,,,,,,,,,,,,,,,,,,,,,,,,,,,,,,,,,,,,,,,,,,,,,,,,,,,,,,,,,,,,,,,,,,,,,,,,,,,,,,,,,,,,,,,,,,,,,,,,,,,,,,,,,,,,,,,,,,,,,,,,,,,,,,,,,,,,,,,,,,,,,,,,,,,,,,,,,,,,,,,,,,,,,,,,,,,,,,,,,,,,,,,,,,,,,,,,,,,,,,,,,,,,,,,,,,,,,,,,,,,,,,,,,,,,,,,,,,,,,,,,,,,,,,,,,,,,,,,,,,,,,,,,,,,,,,,,,,,,,,,,,,,,,,,,,,,,,,,,,,,,,,,,,,,,,,,,,,,,,,,,,,,,,,,,,,,,,,,,,,,,,,,,,,,,,,,,,,,,,,,,,,,,,,,,,,,,,,,,,,,,,,,,,,,,,,,,,,,,,,,,,,,,,,,,,,,,,,,,,,,,,,,,,,,,,,,,,,,,,,,,,,,,,,,,,,,,,,,,,,,,,,,,,,,,,,,,,,,,,,,,,,,,,,,,,,,,,,,,,,,,,,,,,,,,,,,,,,,,,,,,,,,,,,,,,,,,,,,,,,,,,,,,,,,,,,,,,,,,,,,,,,,,,,,,,,,,,,,,,,1,,,,,,,,,,,,,,,,,,,,,,,,,,,,,,,,,,,,,,,,,,,,,,,,,,,,,,,,,,,,,,,,,,,,,,,,,,,1
Nuclear,,,,,,,,,,,,,,,,,,,,,,,,,,,,,,,,,,,,,,,,2,,,,,,,,,,,,,,,,,,,,,,,,,,,,,,,,,,,,,,,,,,,,,,,,,,2,,,,,,,,,1,,,,,,2,,,,,,,,,,,,,,,,,,,,,,,,,,,,,,,,,,,,,,,,,,,,,2,,,,,,,,,,2,,,,,,,,,,,,,,,,,1,2,,,,,,,,,,,,,,,,,,,,,,,,,,,,,,,,,,,,,,,,,,,,,,,,,,,,,,,,,,,,,,,,,,,,,,1,,,,,,,,,,,,,,,,,,,,,,,,1,,,,,,,,,,,,,,,,,,,,,,,,,,,,,,,,,,,,,,,,,,,,,,,,,,,,,,1,,,,,,,,,,,,,,,,,,,,,,,,,1,,,,,,,,,,,,,,,,,,,,,,,,,,,,,,,,,,,,,,,,,,,,,,,,,,,,,,,,,,,,1,,,,,,,,,,,,,,,,,,,,,,,,,,,,,,,,,,,,,,,,,,,,,,,,,,,,,,,,,,2,,,,,,,,,,,,,,,,,,,,,,,,,,,2,,,,,,,,,,,2,,,,,,,,,,,,,,,,,,,,,,,,,,,,,,,,,,,,,,,,,,,,,,,,,,,,,,2,,,,,,,,,,,,,,,,,,,,,,,,,,,,,,,,,,,,,,,,,,,,,,,,,,,,,,,,,,,,,,,,,,,,,,,,,,,,,,,,,,,,,,,,,,,,,,,,,,,,,,1,,,,,,,,,,,,,,,,2,,,,,,,,,,,,,,,,,,,,,,,3,,,,,,,,,,,,,2,,,,,,,2,,,,,,,,,,,,,,2,,,3,,,,,,,,,,,2,,,,,,,,,,,,,,,,,,,,,,,,2,,,,,,,,,,,,,,2,,,,,,,,,,,,,,,,,,,,1,,,,2,,,,,,,,,,,,,,,,,,,,,,,,,,,,1,,,,,,,,,2,,,,,,,,,,,,,,,,,,,,,,,,,,,,3,,2,,,,,,,,,,,,,,,,,,,,,3,,,,1,,,,,,,,,,,,,,,,,,,,,,,,,,,,,,,,,,,,,,,,,,,,,,,,,,,,,,,,,,,,,,,2,,,,,,,,,,,,,,,,,,,,,,,,,,,,,,,,,,,,,,,,,,,,,,,,2,,,,,,,,,,,,,,,,,,1,2,,,,,,,,,,,,,,,,,,,,,3,,,,,,,,,,,,,,,,,,2,,,,,,,,,,,,,,,,,,,,,,,,,,,,,,,,,,,,,,,,,,,,,,,,,,,,,,,2,,,,,,,,,,,,,,,,,1,,,,,,,,,,,,,,,,,,,2,,,,,,,,,,,,,,,2,,,,,,,,,,,,,,,,,,,,,,,,,,,,,,,,,,,,,,,,,,,,,,,,,,,,,,,,,,,,,,,,,,,,,,,1,,,,,,,,,,,,,,,,,,,1,,,,,,,,,,,,,,,,,,,,,,,,1,,,,,,,,1,1,,,,,,,,,,,,,,,,,2,,,,,,,,,,,,,,,,,,,,,,1,,,,,,,,,,,,,,,,4,,,,,,94
OffshoreWindTurbine,,,,,,,,,,,,,,,,,,,,,,,,,,,,,,,,,,,,,,,,,,,,,,,,,,,,,,,,,,,,,,,,,,,,,,,,,,,,,,,,,,,,,,,,,,,,,,,,,,,,,,,,,,,,,,,,,,,,,,,,,,,,,,,,,,,,,,,,,,,,,,,,,,,,,,,,,,,,,,,,,,,,,,,,,,,,,,,,,,,,,,,,,,,,,,,,,,,,,,,,,,,,,,,,,,,,,,,,,,,,,,,,,,,,,,,,,,,,,,,,,,,,,,,,,,,,,,,,,,,,,,,,,,,,,,,,,,,,,,,,,,,,,,,,,,,,,,,,,,,,,,,,,,,,,,,,,,,,,,,,,,,,,,,,,,,,,,,,,,,,,,,,,,,,,,,,,,,,,,,,,,,,,,,,,,,,,,,,,,,,,,,,,,,,,,,,,,,,,,,,,,,,,,,,,,,,,,,,,,,,,,,,,,,,,,,,,,,,,,,,,,,,,,,,,,,,,,,,,,,,,,,,,,,,,,,,,,,,,,,,,,,,,,,,,,,,,,,,,,,,,,,,,,,,,,,,,,,,,,,,,,,,,,,,,,,,,,,,,,,,,,,,,,,,,,,,,,,,,,,,,,,,,,,,,,,,,,,,,,,,,,,,,,,,,,,,,,,,,,,,,,,,,,,,,,,,,,,,,,,,,,,,,,,,,,,,,,,,,,,,,,,,,,,,,,,,,,,,,,,,,,,,,,,,,,,,,,,,,,,,,,,,,,,,,,,,,,,,,,,,,,,,,,,,,,,,,,,,,,,,,,,,,,,,,,,,,,,,,,,,,,,,,,,,,,,,,,,,,,,,,,,,,,,,,,,,,,,,,,,,,,,,,,,,,,,,,,,,,,,,,,,,,,,,,,,,,,,,,,,,,,,,,,,,,,,,,,,,,,,,,,,,,,,,,,,,,,,,,,,,,,,,,,,,,,,,,,,,,,,,,,,,,,,,,,,,,,,,,,,,,,,,,,,,,,,,,,,,,,,,,,,,,,,,,,,,,,,,,,,,,,,,,,,,,,,,,,,,,,,,,,,,,,,,,,,,,,,,,,,,,,,,,,,,,,,,,,,,,,,,,,,,,,,,,,,,,,,,,,,,,,,,,,,,,,,,,,,,,,,,,,,,,,,,,,,,,,,,,,,,,,,,,,,,,,,,,,,,,,,,,,,,,,,,,,,,,,,,,,,,,,,,,,,,,,,,,,,,,,,,,,,,,,,,,,,,,,,,,,,,,,,,,,,,,,,,,,,,,,,,,,,,,,,,,,,,,,,,,,,,,,,,,,,,,,,,,,,,,,,,,,,,,,,,,,,,,,,,,,,,,,,,,,,,,,,,,,,,,,,,,,,,,,,,,,,,,,,,,,,,,,,,,,,,,,,,,,,,,,,,,,,,,,,,1,,,,,,,,,,,,,,,,,,,,,,,,,,,,,,,,,,,,,,,,,,,,,,,,,,,,,,,,,,,,,,,,,,,,,,,,,,,1
OnshoreWindTurbine,,,,,14,8,,,,,3,,2,,2,,,,,,,,,,1,,,,,,1,4,1,,,,,4,,,,,2,,,2,,,,,,5,1,,,1,,1,,,,,1,6,,,,,,,2,1,3,6,,,,,1,,,,,,,2,,,,5,,,,,,,2,1,9,,,,6,,,,,,,,,,,3,,,,,1,,4,5,5,,,,,1,,,,,,,4,,,2,2,,,,,3,,,,3,3,,,,,,6,,,,6,1,4,,,,,1,1,,,,3,,,,1,,,,4,,5,1,2,,,,,8,,,,3,9,,,,1,4,3,1,,,,3,,,1,,3,,,1,,,,,,,,,,,1,2,1,,,1,1,,,,1,,,,,1,,1,,,,,,,,,,,,,4,,,6,,,,,,,,4,2,,,1,1,1,2,1,,,,,,,,,,6,,,,3,1,,,2,9,,,2,2,,5,,,,,,,,,1,1,,4,,,,1,,8,4,2,,1,,,1,,,3,,,,,,,1,1,3,,,,,3,1,1,1,,,,,,,,5,1,1,2,3,,,,,,1,7,,1,,,,1,,,,,,,,,,,,,,,,,2,,,,1,,1,,,4,1,10,1,,,1,1,2,3,,3,,,,,,,,1,,3,,,1,3,,2,,,6,,1,2,7,,,,9,,2,,,,,,,,,,,,7,,5,,,,,1,,,,,,,11,5,,,,,,,,,,1,,4,1,,,,,,6,,5,4,1,,,2,3,,,,,,,,,2,1,,,1,,,,1,,,3,1,,,,15,1,,4,,1,3,,,,3,,,,,2,3,2,,,,,,,,,,,,6,1,,,2,,,1,,,,,1,3,,,,,,,,7,,1,7,,,,,,,16,2,2,,,5,,1,,,,,,,,2,,1,,2,1,,,,3,12,,2,,1,,,4,,1,,,1,,,2,,,,,,2,,1,,,,4,,,,,5,,,11,,53,,,1,2,1,,,2,,1,,,,1,3,3,5,,9,5,2,,,3,,,,1,,,,,,1,4,,,,,,,,6,,5,,,,,,,2,,6,,,,,,,,,5,,,,,1,29,1,1,,4,,14,,,1,,,,,,3,,,1,1,1,,2,7,,,,4,1,,,,,,,,,,,4,,,,4,8,1,,1,,3,,,,,,,2,,1,2,1,,,5,,,,,,,4,,,,2,,,,,1,,,,,,,,,,,,2,,1,,,1,,6,,,2,,,,1,1,6,,,,,,6,,,,13,8,,7,,,8,,,,,,,,,,,,1,2,1,,1,,,,,,,,,1,,,,,,,1,15,3,14,3,,,,,,,11,3,,10,,,,1,,,,,,,,,5,2,,,,,2,,,,1,1,,6,,,,,,,1,,,,,3,,,,3,,,,,,1,,,,,10,,,,6,1,,,,,3,,1,,,,,,,,,,1,1,,,,,27,1,,,,,,4,,,5,5,,1,,,,,,,1,1,3,4,,4,,,,,,,8,4,1,,1,1,5,,,,2,,,,3,3,,,1,,1,,,2,,,,,,,,3,,1,,,,,,,26,,,1,,,4,,,,,4,,1,,4,,,,,1,,,,,1,,,,,,,2,,,,,5,,3,1,,,,2,,2,1,,,,4,,,,,,,,,,,,,,1,,,1,2,,,,,6,,,,,,1,3,1,,,,,,12,,,,,,,,,,,,,16,9,,,,3,,,,,,,,,,,3,5,,,,,1,3,1,1,7,5,2,,,1,,,,,1,,,,,,,,9,,1,3,,1,,1,,,,1,,,,1,,,,,,,1,,,,,8,1,1,,,,2,3,,2,1,,1,,1,,,1,,2,3,2,,,,,,,,1,,,,,,,7,,11,,3,,,10,1,,1,1,,,,,1,,,,2,,,,2,,,,,,,,,,,,,,1,,,1,,,,,,3,,1,,,,,,3,1,,,,4,,5,,2,4,,,,,,,,,,4,6,1,,,1,1,,4,,,,2,1,,,,,,,3,1,3,,4,,1,,,6,5,7,,,1,,6,,,,,1,,,,,1,,1,,1,,,,1,1421
OtherGases,,,,,,,,,,,,,,,,,,,,,,,,5,,,,,,,,,,,,,,,,,,,,,,,,,,,,,,,,,,,,,,,,,,,,,,,,,,,,,,,,,,,,,,,,,,,,,,,,,,,,,,,,,,,,,,,,,,,,,,,,,,,,,,,,,,,,,2,,,,,,,,,,,,,,,,,,,,,,,,,,,,,,,,,1,,,,,,,3,,,,,,,,,,,,,,,2,,,,,,,,,,,,,,,,,,,,,,,,,,,,,,,,,,,,,,,,,,,,,,,,,,,,,,,,,,,,,,,,,,,,,,,,,,,,,,,,,,,,,,,,,,,,,,,,,,,,,,4,,,,,,,,,,,,,,,,,,,,,,,,,,,5,,,,,,,,,,,,,,,,,,,,,,,,,,,,,,,,,,,,,,,,,,,,,,,,,,,,,,,,,,,,,,,,5,,,,,,,,,,,,,,,,,,,,,,,,,,,,,,,,,,,,,,,,,,,,,,,,,,,,,,,,,,,,,,,,,,,,,,,,,,,,,,,,,2,,,,,,,,,,,,,,,,,,,,,,,,,,,,,,,,,,,,,3,,,,,,,,,,,,,,,,,,,,,,,,,,,,,,,,,,,,,,,,,,,,,,,,,,,,,,,,,,,,,,,,,,,,,,,,,,2,,,,,,,,,,,,,,,,,,,,,,,,,,,,4,,,,,,,,,,,,,,,,,,,,,,,,,,,,,,,,,,,,,,,,,,,,,,,,,,,,,,,,,,,,,,13,,,,,,,,,,,,,,,,,,,,,,,,,,,,,,,,,,,,,,,,,,,,,,,,,7,,,,,,,,,,,,,,,,,,,,,,,,,,,,,,,,,,,,,,,,,,,,,,,,,,,,,,,,,,,,,,,,,,,,,,,,,,,,,,,,,,,,,,,,,,,,,,,,,,,,,,,,,,,,,3,,,,,,,,,,,,,,,,,,,,,,,,4,,,,,,,,,,,,,,,,,,,,,,,,,,,,,,,,,,,,,,,,,,,,,,,,4,,,,,,,,,,,,,,,,,,,,,,,,,2,,,,,,,,,,,,,,,,,,,,,,,,,,,,,,,,,,,,,,,,,2,,,,,,,,,,3,,,,,,,,,,,,,,,,,,,,,,,,,,,,,,,,,,,,,,,,,,,,,,,,,,,,,,,,,,,,,,,,,,,,,,,,,,,,,,,,,,,,,,,,,,,,,,,,,,,,,,,,1,,,1,,,,,,,,,,,,,,,,,,,1,,,,,,,,,,,,,,,,,,,,,,,,,,,,,,,,,,,,,,,,,,,,,,,,,,,,,,,,,,,,,,,,,,,,,,,,,,,,,,,,4,,,,,,,,,,,,,,,,,,,,,,,,,,,,,,,,,,,,,,,,,,,,,,,,,,3,,,,,,,,,,,,,,,,,,,,,,,,,,,,,,,,,,,,,,,,,,,,,,,,,,,,,,,,,,,,,,,,,,,,1,,,,,,,,,,,,,,,,,,,,,,,,,,3,,,,,,,,,,,,,,,,,,,,,,,,,,,,,,,,,,,1,,,,,,,,,91
OtherNaturalGas,,,,,,,,,,,7,,,,,,,,,,,,,,,,,,,,,,,,,,,,,,,,,,,,,,,,,,,,,,,,,,,,,,,,,,,,,,,,,,,,,,,,,,,,,,,,,,,,,,,,,,,,,,,,,,,,,,,,,,,,,,,,,,,,,,,,,,,,,,,,,,,,,,,,,,,,,,,,,,,,,,,,,,,,,,,,,,,,,,,,,,,,,,,,,,,,,,,,,,,,,,,,,,,,,,,,,,,,,,,,,,,,,,,,,,,,,,,,,,,,,,,,,,,,,,,,,,,,,,,,,,,,,,,,,,,,,,,,,,,,,,,,,,,,,,,1,,,,,,,,,,,,,,,,,,,,,,,,,,,,,,,,,,,,,,,,,,,,,,,,,,,,,,,,,,,,,,,,,,,,,,,,,,,,,,,,,,,,,,,,,,,,,,,,,,,,,,,,,,,,,,,,,,,,,,,,,5,,,,,,,,,,,,,,,,,,,,,,,,,,,,1,,,,,,,,,,,,,,,,,,,,,,,,,,,,,,,,,,,,,,,,,,,,,,,,,,,,,,,,,,,,,,,,,,,,,,,,,,,,,,,,,,,,,,,7,,,,,,,,,,,,,,,,,,,,,,,,,,,,,,,,,,,,,,3,,,,,,,,,,,,,,,,,,,,,,,,,,,,,,,,,,,,,,,,,,,,,,,,,,,,,,,,,,,,,,,,,,,,,,3,,,,,,,,,,,3,,,,,,,,,,,,,,,,,,,,,,,,,,,,,,,,,,,,,,,,,,,,,,,,,,,,,,,,,,,,,,,,,,,35,,,,,,,,,,,,,,,,,,,,,,,,,,,,,,,,,,,,,,,,,,,,,,,,,,,,,,,,,,,,,,,,,,,,,,,,,,,,,2,,,,,,,,,,,,,,,,,,,,,4,,,,,,,,,,,,,,,,,,,,,,,,2,,1,,,,,,,,,8,,4,,2,,,,2,,,,,,,,,,1,,,,,,,,,,,,,,,,,,,,,,,,,,,,,,4,,,,,,,,,,,,,,,,,,,,,,,,,,,,,,,,,,,,,,,,,,,,,,,,,,,,,,,,,,,,,,,,,,,,,,,,,,,,,,,,,,,,,,,,,,,,,,,,,,,,1,,,,,,,,,,,,,,,,,,,,,,,,,,,,,,,,,,,,,,,,,,,,,,,,,,,,,,,,,,,,,,,,,,,,,8,,5,,,2,,,,1,,,1,,,,,41,,,,,,,,,,,,,,,,,,,,,,,,,,,,,,,,,,,,,,,,,,,,,,,1,2,,,,,,,,,,,,,,,,,,,,,,,,,,,,,,,,,,,,,,,,,,,,,,2,,,,,,,,,,,,,,,,,,,,,,,,,,,,,,,,,,,,,,,,,,,,,,,,,,,,,,1,,,,,,,,,,,,,,,,,,,,,,,,,,,,,,,,,,,,,,,,,,,,,,,,,,,,,,,,,,,,,,,,,,,,,,,,,,1,,,,,,,,,,,,,,,,,,,,,,,,,,,,,,,,,,,,,,,,,,,,,,,,,,,,,,,,,,,,,,161
OtherWasteBiomass,,,,,,1,,,,,5,,,,,,,,,,,,,,,,,,,,,,,,,,,,,,,,,1,,,,,,,,,,,,,,,,,,,,,,,2,,,,,,,,,,,,,,,,,,,,,,,2,,,,,,,,,,,,,,2,,,,,,,,,,,,,,,,,,,,,,,,,,,,,,,,,,,,,,,,,,,,2,,,,,,,,,,,,,,,,,,,,,,,,,1,,,,,,,,,,,,,,,,,,,,,,,,,,,,,,,,,,,,,,,,,,,,,,,,,,,,,,,,,,,,,,,,,,,,,,,,,,,,,,,,,,,,,,,,,,,,,,,,,,,,,,,,,,,,,,,1,,,,,,,,,,,,,,,,,,,,,,,,,,,,,,,,,1,,,,,2,,,,,,,,,,,,,,,,,,,,,,6,,,,,,,,,,,,,,,3,,,,,,,1,3,,,,,,,,,,,,,,,,,,,,,,,,3,,,,,,,,,,,,,,,,,,,,,,,,,,,,,,,,,,,,,,,,,,,,,,,,,,,,,,,,,,,,,,,,,,,,,,,,,,,,,,,4,,,,,,,,,,,,,,,,,,,,,,,,,,,,,,,,,,,,,,,,,,,,,,,,,,,,,,,,,,,,,,,,,,,,3,,,2,,,,4,,,5,,,,,,10,,,,,,,,,,,,,,,,,,,,,2,,,,,,,,,,,,,,,,,,,,,,,2,,,2,,,,,,,,,,,,,,,,,,,,,1,,,,,,,,,,,,5,,,,,,2,,,,,4,,,,,,,,,,,,,,,,,,,,,,,,,,1,,,,,,,,,,,,,,,,,,,,,,,,,1,,,,,,,,,,,,,,,,9,,,,,,,,,,,,,,,,,,,,,,,,,,,,,,1,,,,,,,,,,,,,,,,,,,,,,,,,,,,,,,,1,,,,,,,,,,,,,,8,,,,,,,7,,,,,,,,,,,,,,,3,,,,,,,,,,3,,,,,,,,2,,,,,,,,,,,,,,,,2,,,,,,,,,,,,,,,,,,,,,,,,,,,,,,3,,,,,,,,,,,,,2,,,,,,9,,,,,,,,,,,2,,,,,,,,,2,,,,,,,,,,,,,,,,,,,,,,,,,,,,,4,,,,,,,,,,,,,3,,,,,,,,,,,4,,,,,,,,,,,,,,,,,,,1,,,1,,,,,,,,,,,,,2,,,,,,,,,,,,,,,,,,2,,,,,,1,,,,,,,,1,,,,,,,,,,,,,,,,,,,,,,,,,,,,,,,6,,,1,,,,3,,,1,,,,,6,,,,,,3,,,,,,,,,,,,4,,,,,,,,,,,,,,,,,,,,,,,,,,,,,,,,4,,,,,,,,,1,,,,,,,,,,,,,,,,,,,,,,,,,,,,,,,,,,,1,,,3,,,,,,,,,,,,,,,,,,,,,,,,,,,,,,,,1,,,,,,,,,,,,,,,,,,,1,,,,,,,,2,,,,,,,,,,,,,,,,,,,,,3,,,,,,,,,,,,,,,,,,,,,,,,,,1,,,,,,2,,,,,1,,,,,,,,,,,,,,,,6,,,,,,,,,,,,2,,,,,,,3,,,,,,,,,,,,,,,,1,,,,,,,,,,,,,,,,,,,213
PetroleumCoke,,,,,,,,,,,,,,,,,,,,,,,,,,,5,,,,,,,,,,,,,,,,,,,,,,,,,,,,,,,,,,,,,,,,,,,,,,,,,,,,,,,,,,,,,,,,,,,,,,,,,,,,,,,,,,,,,,,,,,,,,,,,,,,,,,,,,,,,,,,,,,,,,,,,,,,,,,,,,,,,,,,,,,,,,,,,,,2,,,1,,,,,,,,,,,,,,,,,,,,,,,,,,,,,,,,,,,,,,,,,,,,,,,,,,,,,,,,,,,,,,,,,,,,,,,,,,,,,,,,,,,,,,,,,,,,,,,,,,,,,,,,,,,,,,,,,,1,,,,,,,,,,,,,,,,,,,,,,,,,,,,,,,,,,,,,,,,,,,,,,,,,,,,,,,,,,,,,,,,,,,,,,,,,,,,,,,,,,,,,,,,,,,,,,,,,2,,,,,,,,,,,,,,,,,,,,,,,,,,,,,,,,,,,,,,,,,,,,,,,,,,,,,,,,,,,,,,,,,,,,,,,,,,,1,,,,,,,,,,,,,,,,,,,,,,,,,,,,,,,,,,,,,,,,,,,,,,,,,,,,,,,,,,,,,1,,,,,,,,,,,,,,,,,,,,,,,,,,,,,,,,,,,,,,,,,,,,,,,,,,,,,,,,,,,,,,,,,,,,,,,,,,,,,,,,,,,,,,,,,,,,,,,,,,,,,,,,,,,,,,,,,,,,,,,,,,,,,,,,,,,,,,,,,,,,,,,,,,,,,,,,,,,,,,,,,,,,,1,,,,,,,,,,,,,,,,,,,,,,,,,,,,,,,2,,,,,,,,,,,,,,,,,1,,,,,,,,,,,,,,,,,,,,,,,,,,,,,,,,,,,,,,,,,,,,,,,,,,,,,,,,,,,,,,,,,,,,,,,,,,,,,,,,,,,,,,,,,,,,,,,,,,,,,,,,,,,,,,,,,,,,,,,,,,,,,,,,,,,,,,2,,,,,,,,,,,,,,,,,,,,,,,,,,,,,,,,,,,,,,,,,,,,,,,,,,,,,,,,,,,,,,,,,,,,,,,,,,,,,,,,,,,,,,,,,,,,,,,,1,,,,,,,,,,,,,,,,,,,,,,,,,,,,,,,,,,,,1,,,,,,,,,,,,,,,,,,,,,,,,,,,,,,,,,,,,,,,,,,,,,,,,,,,,,,,,,,,,,,,,,,,,,,,,,,,,,,,,,,,,,,,,,,,,,,,,,,,,,,,,,,,,,,,,,,,,,,,,,,,,,,,,,,,,,,,,,,,,,,,,,,,,,,,,,,,,,,,,,,,,,,,,,,,,,,,,,,,,,,,,,,,,,,,,,,,,,,,,,,,,,,,,,,,,,,,,,,,,,,,,,,,,,,,,,,,,,,,,,,,,,,,,,,,,,,,,,,,,,,,,,,,,,,,,,,,,,,,,,,,,,,,,,,,,,,,,,,,,,,,,,,,,,,,,,,,,,,,,,,,,,,,,,,,,,,,,,,,,,,,,,,,,,,,,1,,,,,,,,,22
PetroleumLiquids,1,2,16,,8,5,2,,,,2,,,,8,19,,,,2,,,4,3,7,,,,2,,1,8,,,2,,4,,,,,,,,4,,,,,,,,,,1,,2,,,,,4,,,,,4,,,,,,,2,,,12,,6,,,6,,,1,,,5,,,1,1,,,1,,,5,2,2,,2,4,,,,36,,3,,12,19,,,,,5,,,,,15,,,,,7,,,,,,,,14,,,,5,12,,,48,,,,,14,,,,3,,11,3,,,,,12,,,,8,3,8,,,,,1,,,1,,1,2,1,,12,5,,3,,,10,,1,,4,,11,,3,,1,,6,,,,1,,,,,5,,2,,,8,4,6,,,,3,,,1,,,,1,,,5,,4,3,,6,2,,,,7,5,6,,2,,,,,,,,,,,21,6,,23,4,,3,,,,6,12,,,1,1,,2,1,14,,,2,,,,1,,,,,,,1,,,,,,,19,,1,,10,,,,2,,,,,4,,,,,4,14,3,,,10,7,,22,,6,22,1,5,6,2,3,7,,4,2,,,,,15,,1,5,7,1,1,,,,,,,1,,4,,,8,,16,,34,,5,4,,,7,2,,20,,17,,5,7,,,2,,10,4,2,,,,,,,,4,,,,,,,,,1,,,1,,,,,7,,,,,13,,20,,,12,1,,,6,,,,,3,,,,,,,,9,,,,,3,,,35,4,,,,,4,,,14,,,1,1,,,,,,,,,,,10,,,,,36,3,,,,5,6,,,,,21,,6,,,,3,,3,,,,4,,4,,,16,,9,,6,,,5,,3,,14,10,,,,11,,,,,,,3,,,2,,,,6,,,22,,,,1,,,2,6,,,,16,,,,1,10,,3,,,1,,3,23,,,,5,,1,7,5,,,,,,,,,,20,,1,,2,,,1,,4,,,,3,,15,2,,,,,1,,1,,37,5,,,5,,,,,,,10,,,,,27,,,1,,6,,,,15,,,,,8,,,,,,,2,,4,,,6,5,,,,,60,1,,,,2,,,,,10,,,7,,,2,6,5,3,,,,,3,,,,,,,,,,8,3,,5,,,2,,,2,,,4,2,,4,,,,,,,,,7,33,2,,10,,,5,,34,,,,,6,,3,3,,4,3,,,3,2,12,,19,,,,,,1,2,,,,,40,,,1,16,6,,,,,45,,,,,,,,,7,,,,,5,,8,,,1,1,,3,,3,7,,,,,,2,,2,,12,1,30,1,,5,,,1,,,,,1,9,,,,,,,46,,,,26,,,,,,,,,,13,,,,,9,,,,,,2,,,20,,,,10,14,,,,5,,13,,25,,,,66,,,,,,8,,,33,7,,2,9,31,,29,,,2,12,7,2,,6,,9,,,,1,,,,12,1,,,,,6,2,,6,3,12,,2,5,2,5,5,3,,,,,,,10,6,7,,,,,,,,,9,,,6,,15,,,,,,9,,,,,,,,12,,,,,5,4,,1,1,6,,,7,,1,6,,,,,,7,,32,,,,,,,,,,7,,1,,,,2,13,33,,5,8,,,12,1,,15,,,,,1,,7,,,,,,,1,4,,2,1,1,1,,,12,,2,6,7,,,,,,,,,,4,2,,11,,5,,1,,,,,,,1,4,,2,1,1,,2,,,2,1,3,6,,,,,2,,4,,,,5,5,,1,,,,,,,,71,,,,,,1,,1,2,,,,2,,20,,10,4,,,8,,,,,,,,,,17,4,,1,,,,,,5,,13,,,,3,,8,,,6,17,,5,,,,5,1,3,3,2,,,,1,18,,5,4,,,,,7,,8,,,,5,1,2,7,,,,,,,17,,2,51,,,9,5,,2,,1,,1,,,,5,,18,,,6,,,,,5,,,,,,3,,3,6,4,,,7,,,,,2,,,,2,1,8,,,,1,,,2,,,,7,11,,,,,,,,8,,,,,15,,5,,,,,,,,,,4,2,2,,,,8,,,18,,,,1,,,,,4,,,,,,15,,,,4,,30,,,9,11,26,,,,8,,,,61,,,,,,,,7,,9,,2,3,,,,,,,18,,,2,,1,,9,,4,,,,,,,,11,,16,9,,2,,,,4,,2,,,,3,,,,7,,,13,2,,3683
SolarPhotovoltaic,,,5,2,,18,4,1,2,7,6,9,9,,,,3,,,,,1,,,,4,,,,,,4,2,,3,1,7,,3,1,1,7,,1,,,,,,,,,16,,,,1,,2,,,1,,4,,12,1,1,,,,,,9,5,,2,,,,,1,,,,,,15,,11,,1,,1,,,2,,18,7,1,2,16,9,1,5,,11,1,1,1,15,,,2,,20,,,,,2,1,3,4,,,,,,,1,1,,,2,1,,37,,,,,,2,3,1,,,2,1,,1,1,,1,1,2,,6,,32,,,,1,5,4,,,3,,,1,,7,,,,23,,,1,1,,,2,2,,,,,,,,24,1,,,,4,12,3,,2,4,1,1,,3,1,4,,2,,,,,3,1,10,1,1,4,,,6,4,,3,4,2,,1,1,1,,16,49,11,,3,1,4,3,,15,,,,4,,60,1,,7,1,,,,,,21,8,,,1,6,,,,,,,,3,1,,1,,2,4,13,,,,,,2,7,,,3,2,,,,,,,,,,1,6,,,1,,,,36,,4,,,2,,50,1,1,3,,,1,3,,1,4,1,2,3,,,,4,,,3,,,,1,6,4,,,4,,,,,,,,,1,,4,,21,6,,,2,2,4,1,1,,3,,1,,40,4,6,6,,2,,2,,3,1,8,2,,3,,1,,,,4,9,1,,,,,6,1,22,,,,,,,2,,1,1,,1,2,,,,,7,,1,,,,1,2,1,36,6,3,,1,56,,,13,,,,,,6,,1,5,3,,11,,,,,1,1,,,,1,11,1,,1,,,1,21,,,1,,,1,1,1,,6,7,,,,4,,,12,,1,,1,3,,,,1,,7,,,,,,,11,,8,49,27,4,,1,,1,,,1,2,14,11,4,,2,2,,13,,1,,,,3,,,,3,,2,12,,4,,,18,,,1,9,,,,3,,26,,,,2,,,1,5,,19,,1,,,2,13,,1,,,,,,,41,,,2,1,2,,,,2,,17,1,,1,1,,,9,5,,4,14,,1,,,,3,4,26,6,,,3,1,,,,7,3,3,1,7,,,,,,,,1,,18,2,96,,,,,,,,,,,26,,1,1,,,1,10,,,,,,,,1,,1,14,,4,,2,,6,,,2,1,2,,,,4,2,1,2,3,,1,1,5,1,12,2,,1,,,14,2,10,,2,7,1,1,2,3,,4,,2,,4,1,1,135,,,1,1,6,,2,,5,1,,,,6,,1,8,10,,,9,2,,1,,,56,1,,38,,,,2,17,,,,,14,,,,,,,,,3,5,,,1,,2,14,,4,,,,2,,2,3,,1,,,9,22,3,,4,3,3,99,,3,,,,1,1,,,1,,4,,,7,22,,,17,,2,,24,,,1,18,3,9,1,,,,,,1,6,1,1,,,,,,5,27,2,,,2,,,,,,3,2,4,1,15,,2,,,,2,,11,,,,1,,19,1,,20,,,,,2,,,8,,,,,1,,1,2,,,,,7,8,5,1,8,,45,6,8,,,2,,3,3,,1,1,1,,,,1,,,,1,,,1,,,,,,3,2,,,,,,7,,8,,,,,,8,2,,7,1,1,,,,,,,25,8,,1,12,,7,,2,1,,,,,44,,,15,18,,2,,,,,,2,,2,1,1,1,1,12,,,19,,3,1,,5,1,6,,,,,,,,9,,,,1,1,,,6,1,1,4,7,,,,22,1,,1,12,,2,1,1,77,,,,,41,1,,7,,3,,,,,,,,,11,,1,,9,6,,45,,2,1,2,,2,2,2,11,3,177,,29,5,1,1,,,,6,,18,1,4,,,2,7,1,1,1,,10,,,,,2,,1,,2,1,,14,10,1,,,3,1,,,,,2,,,4,24,,1,1,3,2,,,,,,,,1,1,10,21,,9,1,,,5,1,,3,,5,,2,1,1,,,1,2,1,51,5,,3,2,2,,1,1,1,,1,3,4,,2,2,,,2,,3,1,,,25,1,13,,,1,5,,12,,2,,,1,,,1,,,,,5,,1,7,,1,1,,3,,,,2,,,2,1,1,,3,1,9,,,2,,2,1,,,2,1,,50,,1,,,,,2,1,,,,5,1,17,1,4,,1,,8,,,,13,2,,1,,1,2,,2,,1,,1,3,,7,,,11,,,,,,,,,4,,,2,25,,,,18,,63,,2,1,,41,,1,,,16,,1,3,,1,,,1,,,,,3,,,,3,,,1,4,,1,1,2,13,8,4,1,2,,8,,1,,,,,,122,,,25,1,1,1,4,,,7,,1,4,,1,,,7,2,,,,13,,4599
SolarThermalwithEnergyStorage,,,,,,,,,,,,,,,,,,,,,,,,,,,,,,,,,,,,,,,,,,,,,,,,,,,,,,,,,,,,,,,,,,,,,,,,,,,,,,,,,,,,,,,,,,,,,,,,,,,,,,,,,,,,,,,,,,,,,,,,,,,,,,,,,,,,,,,,,,,,,,,,,,,,,,,,,,,,,,,,,,,,,,,,,,,,,,,,,,,,,,,,,,,,,,,,,,,,,,,,,,,,,,,,,,,,,,,,,,,,,,,,,,,,,,,,,,,,,,,,,,,,,,,,,,,,,,,,,,,,,,,,,,,,,,,,,,,,,,,,,,,,,,,,,,,,,,,,,,,,,,,,,,,,,,,,,,,,,,,,,,,,,,,,,,,,,,,,,,,,,,,,,,,,,,,,,,,,,,,,,,,,,,,,,,,,,,,,,,,,,,,,,,,,,,,,,,,,,,,,,,,,,,,,,,,,,,,,,,,,,,,,,,,,,,,,,,,,,,,,,,,,,,,,,,,,,,,,,,,,,,,,,,,,,,,,,,,,,,,,,,,,,,,,,,,,,,,,,,,,,,,,,,,,,,,,,,,,,,,,,,,,,,,,,,,,,,,,,,,,,,,,,,,,,,,,,,,,,,,,,,,,,,,,,,,,,,,,,,,,,,,,,,,,,,,,,,,,,,,,,,,,,,,,,,,,,,,,,,,,,,,,,,,,,,,,,,,,,,,,,,,,,,,,,,,,,,,,,,,,,,,,,,,,,,,,,,,,,,,,,,,,,,,,,,,,,,,,,,,,,,,,,,,,,,,,,,,,,,,,,,,,,,,,,,,,,,,,,,,2,,,,,,,,,,,,,,,,,,,,,,,,,,,,,,,,,,,,,,,,,,,,,,,,,,,,,,,,,,,,,,,,,,,,,,,,,,,,,,,,,,,,,,,,,,,,,,,,,,,,,,,,,,,,,,,,,,,,,,,,,,,,,,,,,,,,1,,,,,,,,,,,,,,,,,,,,,,,,,,,,,,,,,,,,,,,,,,,,,,,,,,,,,,,,,,,,,,,,,,,,,,,,,,,,,,,,,,,,,,,,,,,,,,,,,,,,,,,,,,,,,,,,,,,,,,,,,,,,,,,,,,,,,,,,,,,,,,,,,,,,,,,,,,,,,,,,,,,,,,,,,,,,,,,,,,,,,,,,,,,,,,,,,,,,,,,,,,,,,,,,,,,,,,,,,,,,,,,,,,,,,,,,,,,,,,,,,,,,,,,,,,,,,,,,,,,,,,,,,,,,,,,,,,,,,,,,,,,,,,,,,,,,,,,,,,,,,,,,,,,,,,,,,,,,,,,,,,,,,,,,,,,,,,,,,,,,,,,,,,,,,,,,,,,,,,,,,,,,,,,,,,,,,,,,,,,,,,,,,,,,,,,,,,,,,,,,,,,,,,,,,,,,,,,,,,,,,,,,,,,,,,,,,,,,,,,,,,,,,,,,,,,,,,,,,,,,,,,,,,,,,,,,,,,,,,,,,,,,,,,,,,,,3
SolarThermalwithoutEnergyStorage,,,,,,,,,,,,,,,,,,,,,,,,,,,,,,,,,,,,,,,,,,,,,,,,,,,,,,,,,,,,,,,,,,,,,,,,,,,,,,,,,,,,,,,,,,,,,,,,,,,,,,,,,,,,,,,,,,,,,,,,,,,,,,,,,,,,,,,,,,,,,,,,,,,,,,,,,,,,,,,,,,,,,,,,,,,,,,,,,,,,,,,,,,,,,,,,,,,,,,,,,,,,,,,,,,,,,,,,,,,,,,,,,,,,,,,,,,,,,,,,,,,,,,,,,,,,,1,,,,,,,,,,,,,,,,,,,,,,,,,,,,,,,,,,,,,,,,,,,,,,,,,,,,,,,,,,,,,,,,,,,,,,,,,,,,,,,,,,,,,,,,,,,,,,,,,,,,,,,,,,,,,,,,,,,,,,,,,,,,,,,,,,,,,,,,,,,,,,,,,,,,,,,,,,,,,,,,,,,,,,,,,,,,,,,,,,,,,,,,,,,,,,,,,,,,,,,,,,,,,,,,,,,,,,,,,,,,,,,,,,,,,,,,,,,,,,,,,,,,,,,,,,,,,,,,,,,,,,,,,,,,,,,,,,,,,,,,,,,,,,,,,,,,,,,,,,,,,,,,,,,,,,,,,,,,,,,,,,,,,,,,,,,,,,,,,,,,,,,,,,,,,,,,,,,,,,,,,,,,,,,,,,,,,,,,,,,,,,,,,,,,,,,,,,,,,,,,,,,,,,,,,,,,,,,,,,,,,,,,,,,,,,,,,,,,,,,,,,,,,,,,,,,,,,,,,,,,,,,,,,,,,,,,,,,,,,,,,,,,,,,,,,,,,,,,,,,,,,,,,,,,,,,,,,,,,,,,,,,,,,,,,,,,,,,,,,,,,,,,,,,,,,,,,,,,,,,,,,,,,,,,,,,,,,,,,,,,,,,,,,,,,,,,,,,,,,,,,,,,,,,,,,,,,,,,,,,,,,,,,,,,,,,,,,,,,,,,,,,,,,,,,,,,,,,,,,,,,,,,,,,,,,,,,,,,,,,,,,,,,,,,,,,,,,,,,,,,,,,,,,,,,,,,,,,,,,,,,,,,,,,,,,,,,,,,,,,,,,,,,,,,,,,,,,,,,,,,,,,,,,,,,,,,2,,,,,,,,,,,,,,,,,,,,,,,,,,,,,,,,,,,,,12,,,,,,,,,,,,,,,,,,,,,,,,,,,,,,,,,,,,,,,,,,,,,,,,,,,,,,,,,,,,,,,,,,,,,,,,,,,,,,,,,,,,,,,,,,,,,,,,,,,,,,,,,,,,,,,,,,,,,,,,,,,,,,,,,,,,,,,,,,,,,,,,,,,,,,,,,,,,,,,,,,,,,,,,,,,,,,,,,,,,,,,,,,,,,,,,,,,,,,,,,,,,,,,,,,,,,,,,,,,,,,,,,,,,,,,,,,,,,,,,,,,,,,,,,,,,,,,,,,,,,,,,,,,,,,,,,,,,,,,,,,,,,,,,,,,,,,,,,,,,,15
Wood/WoodWasteBiomass,,,,,,1,2,1,1,,,,,1,,,,,,,,,,,,1,,1,,,,,,1,,,,,1,,,,,,,,,1,,,,,,,,,,,,,2,,,,,,,,,1,,,,,,,,,,,,,,,3,,,,1,,,1,,,,1,,,,,,,,,,,,,5,,,,,,,,,,,,,,,,,,,,,,,,,,,,,,,,,,,,,,,,,2,,,,,,,,,,,,,,,,,,,,,,,,,1,,,,,,,1,,,,,,,,3,,1,,,,,,2,,,,,,,,,,,,,,,,,,,1,,,,3,,,,,,,,,,,,,,,,,,,1,2,,,,,,,,1,,,,,1,1,,,,,,,,,,,,,,,,,,,,,,,,,,,,2,,,,,,,,,,,,2,,,,2,,,6,,,2,1,,,,,,2,,,,,,,,,1,,,,,2,,,,,,,,,,,,,,,3,,,,,1,,3,,,,,,2,,,,,,,,,,,1,1,8,,,,,,,,,,,,1,2,,,,,,,,,,1,,,,,,,,,,,,,3,,,,,,,,,,,,,,,,,,1,3,4,,,,,,2,,5,,,,,2,,,2,,,,,,,,,,,,1,,,3,,,,,,,,,4,,,,,,,,,,3,,,,,,1,,,,3,,,,,,,,,,,,,,,,,,,,,1,2,,,,,,,1,,,,,,2,,,,,,1,,,,,,,,6,,,,,,,,,,,,,,,,,,,,,,,,,2,,,,,,,,,,5,,,,,,,,,,,,2,,,,,,,,,,,,,,,1,,,8,3,,,5,,,,,,,,,,,,,,,,,,,,,,,,,,,,,,,,,3,,,,,,,,,,,,,5,,,,,,2,,,1,,,,,2,,,,1,,,,,,5,,,,,,,,,,2,,,1,2,,,,,,,,,,,,,,,1,,,2,1,,4,,,,,,,,,,,7,,,,,,,,,,,2,1,1,,,,,,2,3,2,,,,,,1,,,2,,,,,,,,,,,,,1,,,,,,,,,3,,,,,,,,,,,,,1,,,,,,,,,,,,,,,,,1,,,,,,,,,2,,,,,1,,,,,,,,,,,,,,,,,,,1,,,,4,1,,1,,,,,,,,,,,,,,,4,,,,,,,,,,,,,,,,,,,,,,,,,,,,,,,,,,,,,,,1,,,,,,,,,,,,,2,,3,,1,,,,,,,,,,,,,,,,,,,,,,,,,3,,,2,,1,,,,,,,1,,,,,,,,,,,2,,,,1,,,,,,,,,,,,,,,,,,1,,,,,,,,,,2,,,,1,,,,1,,,,,,,,,,,,,,,,,,,,,2,2,,,,,1,,,,,1,,,1,,,,,,,,,3,,,,,2,,,,,,,,,,,,,,,,,,,,,,,,1,,,,,,,,,,,,,,,,,,,,,,,,,,,,,,,,,,,,6,,,,,,,,,1,,1,,1,,,,1,,,5,,,1,,,,,,,,,,,,,,,,,,,,,,,,1,,,,,,,,2,,,,,,,,,,,,,2,,,,,,,,,,,,,,,1,,,,,,,7,,,,,,,,,,,,,,,,,,,,,,,,,,,,,,1,,2,1,,,,,,1,,,,,,,,,,,,,,,,,,,,,,,,,,,,,,,,,,,2,,,,,,,,,,,3,,,,,,6,,,,,4,,,,,,,,,1,,,1,,,,,,,,,,,,2,,,,,,,,1,,,,,,,3,,,,,,1,,,,,,,,,,,,,,,,,,1,1,,,,,,332
Grand Total,1,12,21,14,22,62,25,11,13,9,39,11,44,3,11,19,3,2,1,3,9,10,4,19,11,5,15,9,50,5,29,49,3,32,11,2,23,4,10,3,1,11,2,2,19,4,6,4,1,12,1,5,22,3,10,4,5,1,2,4,16,5,1,14,2,15,13,1,4,6,2,2,3,18,5,1,18,3,11,7,9,7,6,2,20,2,1,23,1,32,1,10,5,10,2,1,5,6,73,23,21,14,35,21,33,5,36,50,9,6,21,34,4,4,2,6,34,2,1,7,13,44,6,10,14,7,7,1,5,3,19,4,34,7,21,24,1,2,60,12,12,1,67,5,2,5,17,33,3,48,1,11,4,22,9,11,1,12,14,24,4,37,5,14,3,56,44,7,1,8,29,9,34,5,11,58,4,14,9,43,13,21,13,1,3,10,3,25,8,25,5,39,9,3,6,26,20,31,9,1,4,24,5,3,5,11,16,4,8,4,17,26,4,13,48,8,4,3,6,1,31,1,15,6,7,32,6,49,1,10,21,58,9,7,1,1,6,133,54,35,11,5,7,26,3,8,41,1,1,1,4,3,183,11,2,63,5,4,7,6,2,3,39,66,2,8,14,15,1,11,3,18,4,8,5,3,1,5,6,6,2,54,15,4,4,7,1,8,2,49,13,3,87,4,35,4,15,12,4,2,4,16,5,1,26,18,1,1,4,5,4,101,7,4,8,20,21,3,90,1,19,42,1,5,14,9,7,17,4,5,17,6,1,3,6,19,3,12,18,25,5,4,25,16,10,4,5,16,1,5,10,1,2,24,3,16,1,34,11,8,38,15,1,7,5,7,117,1,18,2,8,14,6,18,42,6,25,33,6,4,15,3,5,21,1,8,27,9,22,2,13,2,24,1,38,54,1,5,6,1,2,23,27,83,1,2,1,5,30,6,65,1,3,16,1,8,34,12,9,3,9,17,20,5,1,6,10,1,11,17,219,9,5,6,23,130,24,3,72,10,3,3,7,22,26,4,8,31,3,2,37,5,2,8,5,2,1,4,23,5,3,25,15,2,1,1,5,37,30,21,4,6,26,13,4,1,1,1,110,7,13,4,8,16,5,3,57,3,7,3,14,6,4,1,4,25,18,17,5,7,5,10,5,23,29,4,50,115,35,4,6,42,2,10,4,17,2,18,31,11,4,8,118,16,7,49,2,7,42,4,4,31,24,3,2,8,20,5,39,20,46,16,1,18,36,10,1,53,2,5,1,3,5,66,10,5,2,10,10,1,15,22,2,43,7,8,22,20,8,19,6,41,6,4,2,20,5,1,119,4,14,2,11,32,5,10,17,9,1,28,3,3,5,3,8,3,152,57,7,4,237,3,1,4,19,1,3,37,28,13,3,2,44,8,1,4,6,15,39,8,1,32,8,10,1,7,31,8,5,16,15,52,2,258,6,15,1,2,7,42,36,7,5,7,142,1,6,2,3,5,6,22,21,13,17,8,12,10,7,1,5,14,79,5,14,6,8,1,75,10,25,2,4,2,6,9,10,21,26,6,9,30,6,5,42,23,6,96,2,2,5,2,3,18,13,16,66,11,14,3,1,8,115,57,25,4,24,6,23,38,1,408,8,3,14,1,31,15,17,3,9,19,10,3,2,35,24,28,36,60,1,23,15,11,6,16,26,2,152,3,30,127,2,1,18,56,56,28,11,3,2,69,3,26,3,5,7,11,2,3,11,15,1,5,1,12,3,34,3,4,4,5,4,19,4,5,12,2,1,5,15,28,55,3,20,9,16,32,188,16,5,5,8,2,27,4,4,3,3,5,33,21,3,32,22,15,4,111,9,33,2,127,1,2,9,24,31,9,10,25,15,13,10,4,22,24,14,11,4,3,9,1,3,8,30,56,1,5,7,19,20,1,12,9,35,7,39,1,65,2,5,10,83,4,47,2,11,3,23,5,16,36,48,1,2,52,50,1,41,19,3,12,18,38,3,1,13,7,29,1,1,6,3,17,8,4,39,32,12,2,21,2,165,13,26,21,6,47,2,51,8,14,17,50,8,15,2,34,4,14,6,16,30,10,5,1,6,10,2,1,6,3,21,3,10,6,2,18,14,2,8,4,10,16,74,4,9,19,2,13,1,35,1,6,6,8,25,18,48,39,1,16,39,1,18,6,13,38,7,20,6,16,52,12,13,162,24,23,7,3,5,12,3,7,8,13,2,9,2,7,5,39,19,41,67,9,26,44,1,31,8,6,63,7,4,2,2,9,3,26,2,10,1,1,2,1,1,14,2,6,27,9,5,2,7,39,1,10,34,50,4,6,2,1,150,9,2,1,4,48,19,1,46,17,21,4,6,1,4,13,3,4,2,22,5,24,18,13,18,1,69,4,3,3,9,3,14,34,2,17,3,276,12,131,9,5,13,8,8,2,32,9,25,11,5,10,7,7,160,10,1,6,4,57,9,8,6,8,2,1,5,2,3,28,4,24,35,2,9,12,9,26,6,4,4,3,66,7,3,61,36,3,37,11,3,10,9,11,10,10,21,3,7,9,8,46,97,2,42,8,20,3,18,3,19,3,7,36,3,12,3,4,8,6,20,48,4,59,17,4,6,9,7,18,3,9,4,10,1,47,90,24,12,6,6,1,4,1,25,34,16,4,122,5,60,21,24,1,14,5,20,7,5,3,1,14,5,3,25,6,3,7,8,5,14,1,35,6,22,1,3,3,11,3,3,11,9,1,4,14,2,2,7,2,17,5,3,4,3,37,11,8,7,5,8,1,67,17,30,1,2,10,19,4,34,1,3,1,13,32,88,5,6,29,1,24,10,7,3,7,13,3,5,1,6,19,8,15,5,15,5,5,37,24,1,9,18,6,46,2,4,2,4,14,4,4,2,14,4,8,2,69,6,16,25,22,2,220,1,20,22,11,148,3,8,6,14,42,4,3,72,2,6,2,3,10,29,4,35,1,14,1,11,8,21,5,5,1,61,2,40,1,8,15,46,15,1,34,1,15,23,60,2,1,1,3,9,177,14,19,39,2,10,18,4,9,4,13,5,2,4,4,4,4,7,14,61,3,6,13,23,1,23417