,Unnamed: 0,State,County,Abbreviation,Year,Max AQI,90th Percentile AQI,Median AQI,"Percent of adults with a high school diploma only, 2015-19","Percent of adults with a bachelor's degree or higher, 2015-19"
0,0,Alabama,Baldwin,AlabamaBaldwin,2020,74,49,36,27.7,31.9
1,1,Alabama,Russell,AlabamaRussell,2020,99,56,36,31.4,17.8
2,2,Alabama,Shelby,AlabamaShelby,2020,71,46,28,19.8,42.9
3,3,Alabama,Sumter,AlabamaSumter,2020,70,43,29,35.4,21.6
4,4,Alabama,Tuscaloosa,AlabamaTuscaloosa,2020,97,45,31,29.9,30.7
5,8,Alaska,Denali ,AlaskaDenali,2020,54,42,33,26.0,41.1
6,9,Alaska,Fairbanks North Star ,AlaskaFairbanks,2020,170,106,33,22.6,31.4
7,10,Alaska,Juneau ,AlaskaJuneau,2020,101,40,14,21.6,38.4
8,11,Alaska,Kenai Peninsula ,AlaskaKenai,2020,43,15,8,31.2,24.6
9,12,Alaska,Matanuska-Susitna ,AlaskaMatanuska-Susitna,2020,103,45,14,33.1,21.6
10,13,Alaska,North Slope ,AlaskaNorth,2020,36,12,5,43.0,16.5
11,14,Arizona,Apache,ArizonaApache,2020,58,29,14,32.2,12.3
12,15,Arizona,Cochise,ArizonaCochise,2020,108,61,45,24.1,23.1
13,16,Arizona,Coconino,ArizonaCoconino,2020,93,54,44,22.0,36.2
14,17,Arizona,Gila,ArizonaGila,2020,174,77,47,27.9,18.7
15,18,Arizona,La Paz,ArizonaLa,2020,125,58,44,31.1,12.0
16,19,Arizona,Maricopa,ArizonaMaricopa,2020,282,215,112,22.4,32.7
17,20,Arizona,Mohave,ArizonaMohave,2020,116,34,18,35.3,12.9
18,21,Arizona,Navajo,ArizonaNavajo,2020,136,54,43,30.3,15.3
19,22,Arizona,Pima,ArizonaPima,2020,277,77,53,22.2,32.4
20,23,Arizona,Pinal,ArizonaPinal,2020,1124,119,72,29.3,19.5
21,24,Arizona,Santa Cruz,ArizonaSanta,2020,165,69,34,28.7,20.4
22,25,Arizona,Yavapai,ArizonaYavapai,2020,119,61,45,25.8,25.9
23,26,Arizona,Yuma,ArizonaYuma,2020,321,69,44,25.7,15.0
24,27,Arkansas,Arkansas,ArkansasArkansas,2020,82,50,27,34.0,23.0
25,28,Arkansas,Ashley,ArkansasAshley,2020,89,49,28,43.7,12.3
26,29,Arkansas,Clark,ArkansasClark,2020,67,40,29,30.2,26.6
27,30,Arkansas,Crittenden,ArkansasCrittenden,2020,115,54,38,34.8,17.4
28,31,Arkansas,Garland,ArkansasGarland,2020,83,53,29,31.4,21.6
29,32,Arkansas,Jackson,ArkansasJackson,2020,77,51,26,42.5,10.1
30,33,Arkansas,Newton,ArkansasNewton,2020,84,45,35,35.4,20.5
31,34,Arkansas,Polk,ArkansasPolk,2020,84,47,36,36.5,14.1
32,35,Arkansas,Pulaski,ArkansasPulaski,2020,132,59,42,26.0,34.3
33,36,Arkansas,Union,ArkansasUnion,2020,89,52,34,35.5,21.1
34,37,Arkansas,Washington,ArkansasWashington,2020,150,52,39,25.7,33.3
35,38,California,Alameda,CaliforniaAlameda,2020,218,79,43,17.6,47.4
36,39,California,Amador,CaliforniaAmador,2020,156,50,37,27.5,19.3
37,40,California,Butte,CaliforniaButte,2020,379,110,51,22.5,27.2
38,41,California,Calaveras,CaliforniaCalaveras,2020,192,77,44,28.0,18.3
39,42,California,Colusa,CaliforniaColusa,2020,198,86,38,26.2,15.0
40,43,California,Contra Costa,CaliforniaContra,2020,197,74,41,17.3,42.4
41,44,California,Del Norte,CaliforniaDel,2020,220,55,32,31.0,14.8
42,45,California,El Dorado,CaliforniaEl,2020,190,90,43,21.3,34.3
43,46,California,Fresno,CaliforniaFresno,2020,298,153,74,22.7,21.2
44,47,California,Glenn,CaliforniaGlenn,2020,197,82,43,27.2,14.2
45,48,California,Humboldt,CaliforniaHumboldt,2020,109,44,29,22.2,30.4
46,49,California,Imperial,CaliforniaImperial,2020,166,97,58,24.3,15.2
47,50,California,Inyo,CaliforniaInyo,2020,684,130,52,28.6,27.2
48,51,California,Kern,CaliforniaKern,2020,267,140,81,27.8,16.4
49,52,California,Kings,CaliforniaKings,2020,543,124,67,25.3,14.7
50,53,California,Lake,CaliforniaLake,2020,180,43,32,30.5,15.5
51,54,California,Los Angeles,CaliforniaLos,2020,235,165,83,20.6,32.5
52,55,California,Madera,CaliforniaMadera,2020,250,113,61,24.9,14.6
53,56,California,Marin,CaliforniaMarin,2020,206,57,33,10.5,59.5
54,57,California,Mariposa,CaliforniaMariposa,2020,618,111,47,24.4,24.6
55,58,California,Mendocino,CaliforniaMendocino,2020,456,76,34,25.0,24.4
56,59,California,Merced,CaliforniaMerced,2020,183,95,53,25.3,13.8
57,60,California,Mono,CaliforniaMono,2020,1928,199,40,24.2,28.8
58,61,California,Monterey,CaliforniaMonterey,2020,250,63,36,20.3,24.7
59,62,California,Napa,CaliforniaNapa,2020,199,62,36,17.8,35.7
60,63,California,Nevada,CaliforniaNevada,2020,252,90,41,18.4,37.2
61,64,California,Orange,CaliforniaOrange,2020,218,108,51,17.2,40.6
62,65,California,Placer,CaliforniaPlacer,2020,222,108,54,18.0,39.7
63,66,California,Plumas,CaliforniaPlumas,2020,469,146,49,26.1,23.7
64,67,California,Riverside,CaliforniaRiverside,2020,576,159,87,26.9,22.3
65,68,California,Sacramento,CaliforniaSacramento,2020,200,100,52,22.4,30.9
66,79,California,Shasta,CaliforniaShasta,2020,166,64,41,25.4,22.2
67,80,California,Siskiyou,CaliforniaSiskiyou,2020,359,61,36,25.5,23.2
68,81,California,Solano,CaliforniaSolano,2020,204,76,41,23.8,26.9
69,82,California,Sonoma,CaliforniaSonoma,2020,187,53,33,18.7,35.5
70,83,California,Stanislaus,CaliforniaStanislaus,2020,189,102,55,29.3,17.1
71,84,California,Sutter,CaliforniaSutter,2020,303,89,48,23.3,18.2
72,85,California,Tehama,CaliforniaTehama,2020,196,93,43,30.1,15.7
73,86,California,Trinity,CaliforniaTrinity,2020,193,79,27,34.8,19.5
74,87,California,Tulare,CaliforniaTulare,2020,209,145,79,25.5,14.6
75,88,California,Tuolumne,CaliforniaTuolumne,2020,143,64,41,28.3,20.5
76,89,California,Ventura,CaliforniaVentura,2020,174,90,47,19.2,33.8
77,90,California,Yolo,CaliforniaYolo,2020,192,84,42,18.1,41.4
78,91,Colorado,Adams,ColoradoAdams,2020,151,72,47,28.6,24.3
79,92,Colorado,Alamosa,ColoradoAlamosa,2020,60,30,11,28.5,25.0
80,93,Colorado,Arapahoe,ColoradoArapahoe,2020,159,76,45,20.8,42.8
81,94,Colorado,Archuleta,ColoradoArchuleta,2020,93,58,43,21.0,37.2
82,95,Colorado,Boulder,ColoradoBoulder,2020,173,84,47,11.7,62.1
83,96,Colorado,Clear Creek,ColoradoClear,2020,143,71,47,21.9,48.1
84,97,Colorado,Delta,ColoradoDelta,2020,97,51,41,38.3,21.7
85,98,Colorado,Denver,ColoradoDenver,2020,150,80,50,16.8,49.4
86,99,Colorado,Douglas,ColoradoDouglas,2020,159,80,46,12.0,58.0
87,100,Colorado,El Paso,ColoradoEl,2020,151,74,45,20.4,38.5
88,101,Colorado,Fremont,ColoradoFremont,2020,27,20,11,39.3,18.5
89,102,Colorado,Garfield,ColoradoGarfield,2020,122,74,46,27.0,31.0
90,103,Colorado,Gilpin,ColoradoGilpin,2020,136,67,45,21.4,39.6
91,104,Colorado,Gunnison,ColoradoGunnison,2020,108,54,44,15.9,56.2
92,105,Colorado,Jackson,ColoradoJackson,2020,84,46,8,28.1,20.0
93,106,Colorado,Jefferson,ColoradoJefferson,2020,161,90,46,20.3,45.2
94,107,Colorado,La Plata,ColoradoLa,2020,101,61,44,20.0,44.2
95,108,Colorado,Larimer,ColoradoLarimer,2020,157,87,48,19.0,47.3
96,109,Colorado,Mesa,ColoradoMesa,2020,108,58,44,27.6,28.2
97,110,Colorado,Montezuma,ColoradoMontezuma,2020,126,58,44,29.3,29.6
98,111,Colorado,Pitkin,ColoradoPitkin,2020,68,33,12,17.0,60.8
99,112,Colorado,Prowers,ColoradoProwers,2020,238,42,17,26.1,18.3
100,113,Colorado,Pueblo,ColoradoPueblo,2020,63,45,19,29.1,21.8
101,114,Colorado,Rio Blanco,ColoradoRio,2020,115,54,42,31.5,22.7
102,114,Colorado,Rio Blanco,ColoradoRio,2020,115,54,42,32.1,24.5
103,115,Colorado,Routt,ColoradoRoutt,2020,68,29,14,20.2,49.8
104,118,Colorado,Weld,ColoradoWeld,2020,140,82,48,27.3,27.5
105,119,Connecticut,Fairfield,ConnecticutFairfield,2020,161,80,44,21.5,47.9
106,120,Connecticut,Hartford,ConnecticutHartford,2020,98,55,39,26.6,38.1
107,121,Connecticut,Litchfield,ConnecticutLitchfield,2020,84,50,38,29.9,35.4
108,122,Connecticut,Middlesex,ConnecticutMiddlesex,2020,129,54,39,25.8,42.2
109,123,Connecticut,New Haven,ConnecticutNew,2020,174,77,42,30.7,35.0
110,123,Connecticut,New Haven,ConnecticutNew,2020,174,77,42,29.5,33.3
111,124,Connecticut,New London,ConnecticutNew,2020,172,58,37,30.7,35.0
112,124,Connecticut,New London,ConnecticutNew,2020,172,58,37,29.5,33.3
113,125,Connecticut,Tolland,ConnecticutTolland,2020,93,48,39,27.0,41.8
114,126,Connecticut,Windham,ConnecticutWindham,2020,87,44,35,33.2,24.3
115,129,Delaware,Kent,DelawareKent,2020,80,48,36,32.9,23.7
116,130,Delaware,New Castle,DelawareNew,2020,105,58,40,30.8,36.2
117,131,Delaware,Sussex,DelawareSussex,2020,87,51,38,31.2,28.3
118,133,Florida,Alachua,FloridaAlachua,2020,105,52,36,21.2,43.3
119,134,Florida,Baker,FloridaBaker,2020,140,49,35,42.6,13.2
120,135,Florida,Bay,FloridaBay,2020,146,58,40,31.0,23.7
121,136,Florida,Brevard,FloridaBrevard,2020,84,52,39,28.3,30.2
122,137,Florida,Broward,FloridaBroward,2020,142,57,40,27.3,32.4
123,138,Florida,Citrus,FloridaCitrus,2020,125,54,32,37.2,18.3
124,139,Florida,Collier,FloridaCollier,2020,85,54,36,25.8,36.4
125,140,Florida,Columbia,FloridaColumbia,2020,158,56,36,36.7,14.9
126,141,Florida,Duval,FloridaDuval,2020,125,59,42,27.8,30.0
127,142,Florida,Escambia,FloridaEscambia,2020,80,58,42,27.2,26.5
128,143,Florida,Flagler,FloridaFlagler,2020,64,43,31,34.3,25.1
129,144,Florida,Hamilton,FloridaHamilton,2020,154,52,33,45.4,7.9
130,145,Florida,Highlands,FloridaHighlands,2020,74,44,31,38.8,17.2
131,146,Florida,Hillsborough,FloridaHillsborough,2020,112,61,43,27.1,33.5
132,147,Florida,Holmes,FloridaHolmes,2020,138,54,38,40.7,10.7
133,148,Florida,Indian River,FloridaIndian,2020,87,47,37,30.4,29.1
134,149,Florida,Lake,FloridaLake,2020,87,45,32,32.1,24.0
135,150,Florida,Lee,FloridaLee,2020,100,50,36,31.0,28.2
136,151,Florida,Leon,FloridaLeon,2020,160,58,40,19.0,46.2
137,152,Florida,Liberty,FloridaLiberty,2020,51,44,31,45.8,14.4
138,153,Florida,Manatee,FloridaManatee,2020,97,44,33,30.1,29.8
139,154,Florida,Marion,FloridaMarion,2020,100,55,39,36.9,20.1
140,155,Florida,Martin,FloridaMartin,2020,95,52,36,24.9,34.1
141,156,Florida,Miami-Dade,FloridaMiami-Dade,2020,90,58,39,27.3,29.8
142,157,Florida,Nassau,FloridaNassau,2020,157,34,4,31.7,29.6
143,158,Florida,Okaloosa,FloridaOkaloosa,2020,74,46,34,24.7,31.1
144,159,Florida,Orange,FloridaOrange,2020,93,51,36,24.4,34.6
145,160,Florida,Osceola,FloridaOsceola,2020,90,44,32,31.3,21.8
146,161,Florida,Palm Beach,FloridaPalm,2020,92,54,38,24.0,36.7
147,162,Florida,Pasco,FloridaPasco,2020,77,46,35,33.2,24.0
148,163,Florida,Pinellas,FloridaPinellas,2020,100,56,40,28.0,31.7
149,164,Florida,Polk,FloridaPolk,2020,87,54,37,34.7,20.2
150,165,Florida,Putnam,FloridaPutnam,2020,67,27,14,41.2,12.3
151,166,Florida,Santa Rosa,FloridaSanta,2020,84,57,40,26.8,27.7
152,167,Florida,Sarasota,FloridaSarasota,2020,90,55,38,28.9,35.4
153,168,Florida,Seminole,FloridaSeminole,2020,84,49,36,21.1,39.6
154,169,Florida,St. Lucie,FloridaSt.,2020,74,44,33,21.4,44.7
155,169,Florida,St. Lucie,FloridaSt.,2020,74,44,33,33.2,21.6
156,170,Florida,Volusia,FloridaVolusia,2020,77,50,38,31.8,23.7
157,171,Florida,Wakulla,FloridaWakulla,2020,161,54,35,36.2,18.3
158,172,Georgia,Bibb,GeorgiaBibb,2020,97,52,35,30.5,25.4
159,173,Georgia,Charlton,GeorgiaCharlton,2020,139,34,20,40.1,8.8
160,174,Georgia,Chatham,GeorgiaChatham,2020,131,58,39,24.2,33.6
161,175,Georgia,Chattooga,GeorgiaChattooga,2020,58,43,32,40.1,8.9
162,176,Georgia,Clarke,GeorgiaClarke,2020,99,54,36,19.9,44.0
163,177,Georgia,Clayton,GeorgiaClayton,2020,90,54,28,33.6,19.5
164,178,Georgia,Cobb,GeorgiaCobb,2020,90,49,35,18.5,47.4
165,179,Georgia,Coffee,GeorgiaCoffee,2020,108,42,25,37.2,13.0
166,180,Georgia,Columbia,GeorgiaColumbia,2020,51,44,31,23.8,36.4
167,181,Georgia,Dawson,GeorgiaDawson,2020,74,43,31,29.1,30.6
168,182,Georgia,DeKalb,GeorgiaDeKalb,2020,106,57,38,20.9,44.2
169,183,Georgia,Dougherty,GeorgiaDougherty,2020,114,61,37,30.2,21.4
170,184,Georgia,Douglas,GeorgiaDouglas,2020,77,44,32,30.4,28.2
171,185,Georgia,Floyd,GeorgiaFloyd,2020,80,52,30,34.3,20.9
172,186,Georgia,Fulton,GeorgiaFulton,2020,125,62,43,17.7,52.9
173,187,Georgia,Glynn,GeorgiaGlynn,2020,96,44,31,26.7,29.9
174,188,Georgia,Gwinnett,GeorgiaGwinnett,2020,101,55,37,22.3,36.9
175,189,Georgia,Hall,GeorgiaHall,2020,98,55,33,27.7,24.5
176,190,Georgia,Henry,GeorgiaHenry,2020,95,50,32,31.7,28.5
177,191,Georgia,Houston,GeorgiaHouston,2020,114,57,35,27.0,28.3
178,192,Georgia,Lowndes,GeorgiaLowndes,2020,141,54,30,31.4,25.3
179,193,Georgia,Murray,GeorgiaMurray,2020,61,46,35,37.4,10.1
180,194,Georgia,Muscogee,GeorgiaMuscogee,2020,101,53,35,27.4,25.8
181,195,Georgia,Pike,GeorgiaPike,2020,64,44,33,41.8,17.1
182,196,Georgia,Richmond,GeorgiaRichmond,2020,114,60,42,31.4,21.4
183,197,Georgia,Rockdale,GeorgiaRockdale,2020,77,46,34,31.5,26.3
184,198,Georgia,Sumter,GeorgiaSumter,2020,64,44,32,34.7,18.3
185,199,Georgia,Walker,GeorgiaWalker,2020,84,53,30,35.2,16.6
186,200,Georgia,Washington,GeorgiaWashington,2020,112,54,32,44.7,12.3
187,201,Hawaii,Hawaii,HawaiiHawaii,2020,231,30,18,27.4,33.0
188,201,Hawaii,Hawaii,HawaiiHawaii,2020,231,30,18,30.2,29.4
189,202,Hawaii,Honolulu,HawaiiHonolulu,2020,92,40,26,25.9,35.0
190,203,Hawaii,Kauai,HawaiiKauai,2020,41,25,11,30.0,29.2
191,204,Hawaii,Maui,HawaiiMaui,2020,56,23,15,31.3,27.2
192,205,Idaho,Ada,IdahoAda,2020,185,72,40,22.4,38.5
193,206,Idaho,Bannock,IdahoBannock,2020,161,61,41,26.4,27.8
194,207,Idaho,Benewah,IdahoBenewah,2020,371,65,32,38.4,15.2
195,208,Idaho,Blaine,IdahoBlaine,2020,167,43,15,25.6,35.4
196,209,Idaho,Boise,IdahoBoise,2020,198,68,35,30.6,27.1
197,210,Idaho,Bonner,IdahoBonner,2020,190,52,25,29.8,23.8
198,211,Idaho,Bonneville,IdahoBonneville,2020,154,49,21,25.4,31.3
199,212,Idaho,Butte,IdahoButte,2020,152,50,40,36.0,16.2
200,213,Idaho,Canyon,IdahoCanyon,2020,156,73,33,32.1,18.7
201,214,Idaho,Caribou,IdahoCaribou,2020,109,24,6,32.4,19.0
202,215,Idaho,Custer,IdahoCuster,2020,126,59,5,28.6,24.4
203,216,Idaho,Franklin,IdahoFranklin,2020,159,53,20,37.8,17.7
204,217,Idaho,Idaho,IdahoIdaho,2020,191,60,36,27.4,27.6
205,217,Idaho,Idaho,IdahoIdaho,2020,191,60,36,36.1,19.8
206,218,Idaho,Jerome,IdahoJerome,2020,37,19,10,30.6,16.1
207,219,Idaho,Kootenai,IdahoKootenai,2020,384,48,19,27.2,25.2
208,220,Idaho,Latah,IdahoLatah,2020,333,41,16,19.7,45.4
209,221,Idaho,Lemhi,IdahoLemhi,2020,163,77,35,30.3,22.9
210,222,Idaho,Nez Perce,IdahoNez,2020,363,59,21,32.1,22.9
211,223,Idaho,Shoshone,IdahoShoshone,2020,346,64,30,37.0,11.5
212,224,Idaho,Twin Falls,IdahoTwin,2020,160,48,18,27.2,20.6
213,225,Idaho,Valley,IdahoValley,2020,192,63,30,26.7,30.4
214,226,Illinois,Adams,IllinoisAdams,2020,84,50,38,35.4,25.0
215,227,Illinois,Champaign,IllinoisChampaign,2020,126,56,39,22.0,45.0
216,228,Illinois,Clark,IllinoisClark,2020,97,45,31,40.0,19.9
217,229,Illinois,Cook,IllinoisCook,2020,164,84,53,23.1,38.8
218,230,Illinois,DuPage,IllinoisDuPage,2020,154,59,41,18.2,49.4
219,231,Illinois,Effingham,IllinoisEffingham,2020,84,48,37,35.8,22.7
220,232,Illinois,Hamilton,IllinoisHamilton,2020,118,56,40,34.9,17.0
221,233,Illinois,Jersey,IllinoisJersey,2020,112,55,39,38.8,20.3
222,234,Illinois,Jo Daviess,IllinoisJo,2020,87,44,32,35.9,25.0
223,235,Illinois,Kane,IllinoisKane,2020,161,64,39,22.7,33.1
224,236,Illinois,La Salle,IllinoisLa,2020,26,3,0,35.6,17.8
225,237,Illinois,Lake,IllinoisLake,2020,185,74,39,20.8,45.3
226,238,Illinois,Macon,IllinoisMacon,2020,90,56,41,35.4,22.1
227,239,Illinois,Macoupin,IllinoisMacoupin,2020,93,45,31,39.8,18.4
228,240,Illinois,Madison,IllinoisMadison,2020,112,70,47,29.8,26.8
229,241,Illinois,McHenry,IllinoisMcHenry,2020,147,58,40,26.5,34.4
230,242,Illinois,McLean,IllinoisMcLean,2020,136,58,41,24.6,44.8
231,243,Illinois,Monroe,IllinoisMonroe,2020,43,7,1,27.6,35.0
232,244,Illinois,Peoria,IllinoisPeoria,2020,115,57,40,27.6,30.6
233,245,Illinois,Randolph,IllinoisRandolph,2020,103,54,38,37.3,13.3
234,246,Illinois,Rock Island,IllinoisRock,2020,102,56,38,29.5,23.5
235,248,Illinois,Sangamon,IllinoisSangamon,2020,97,54,39,27.2,34.5
236,249,Illinois,Tazewell,IllinoisTazewell,2020,26,9,1,31.7,26.3
237,250,Illinois,Wabash,IllinoisWabash,2020,74,17,1,30.7,18.2
238,251,Illinois,Will,IllinoisWill,2020,155,60,42,26.9,34.3
239,252,Illinois,Winnebago,IllinoisWinnebago,2020,101,61,39,31.7,22.9
240,253,Indiana,Allen,IndianaAllen,2020,120,58,39,28.2,28.5
241,254,Indiana,Bartholomew,IndianaBartholomew,2020,97,52,37,30.8,33.5
242,255,Indiana,Boone,IndianaBoone,2020,101,48,32,19.5,49.3
243,256,Indiana,Brown,IndianaBrown,2020,80,44,33,32.9,28.9
244,257,Indiana,Carroll,IndianaCarroll,2020,100,44,31,40.8,16.7
245,258,Indiana,Clark,IndianaClark,2020,91,58,42,34.6,21.2
246,259,Indiana,Daviess,IndianaDaviess,2020,19,4,0,34.0,13.2
247,260,Indiana,Delaware,IndianaDelaware,2020,97,50,35,35.1,23.7
248,261,Indiana,Dubois,IndianaDubois,2020,67,54,33,38.3,23.7
249,262,Indiana,Elkhart,IndianaElkhart,2020,158,54,36,34.7,19.8
250,263,Indiana,Floyd,IndianaFloyd,2020,143,44,32,30.9,29.6
251,264,Indiana,Gibson,IndianaGibson,2020,114,26,3,40.9,18.0
252,265,Indiana,Greene,IndianaGreene,2020,90,50,34,41.1,14.9
253,266,Indiana,Hamilton,IndianaHamilton,2020,97,54,38,14.9,59.3
254,267,Indiana,Hendricks,IndianaHendricks,2020,87,45,32,27.5,37.0
255,268,Indiana,Henry,IndianaHenry,2020,63,51,29,43.7,16.4
256,269,Indiana,Howard,IndianaHoward,2020,108,53,38,35.9,21.6
257,270,Indiana,Knox,IndianaKnox,2020,105,48,33,35.8,16.9
258,271,Indiana,LaPorte,IndianaLaPorte,2020,154,61,37,39.6,18.0
259,272,Indiana,Lake,IndianaLake,2020,136,65,44,35.1,22.6
260,273,Indiana,Madison,IndianaMadison,2020,97,55,39,39.4,18.4
261,274,Indiana,Marion,IndianaMarion,2020,144,68,48,28.0,30.9
262,275,Indiana,Monroe,IndianaMonroe,2020,69,51,31,22.2,45.7
263,276,Indiana,Perry,IndianaPerry,2020,105,45,34,44.7,16.1
264,277,Indiana,Porter,IndianaPorter,2020,151,67,41,35.0,28.4
265,278,Indiana,Posey,IndianaPosey,2020,112,45,31,38.2,21.9
266,279,Indiana,Shelby,IndianaShelby,2020,115,46,32,42.4,18.7
267,280,Indiana,Spencer,IndianaSpencer,2020,63,53,32,46.0,15.2
268,281,Indiana,St. Joseph,IndianaSt.,2020,162,62,41,30.7,29.6
269,282,Indiana,Sullivan,IndianaSullivan,2020,53,51,29,44.2,12.1
270,283,Indiana,Tippecanoe,IndianaTippecanoe,2020,69,56,39,25.4,38.7
271,284,Indiana,Vanderburgh,IndianaVanderburgh,2020,101,57,39,32.5,27.0
272,285,Indiana,Vigo,IndianaVigo,2020,112,57,40,32.0,25.1
273,286,Indiana,Wabash,IndianaWabash,2020,97,49,35,42.6,18.1
274,287,Indiana,Warrick,IndianaWarrick,2020,112,47,33,31.3,30.3
275,288,Indiana,Whitley,IndianaWhitley,2020,76,56,39,39.2,20.7
276,289,Iowa,Black Hawk,IowaBlack,2020,91,53,32,30.5,29.1
277,290,Iowa,Bremer,IowaBremer,2020,87,45,35,32.9,30.7
278,291,Iowa,Cerro Gordo,IowaCerro,2020,60,37,18,30.6,23.6
279,292,Iowa,Clinton,IowaClinton,2020,87,56,37,38.8,17.9
280,293,Iowa,Harrison,IowaHarrison,2020,87,49,37,37.2,19.5
281,294,Iowa,Johnson,IowaJohnson,2020,105,58,35,16.3,52.8
282,295,Iowa,Lee,IowaLee,2020,73,52,30,40.8,16.4
283,296,Iowa,Linn,IowaLinn,2020,105,60,40,27.0,33.1
284,297,Iowa,Montgomery,IowaMontgomery,2020,76,51,35,35.2,18.5
285,298,Iowa,Muscatine,IowaMuscatine,2020,124,54,30,35.3,21.5
286,299,Iowa,Palo Alto,IowaPalo,2020,87,51,36,29.2,25.5
287,300,Iowa,Polk,IowaPolk,2020,186,54,36,24.5,36.7
288,301,Iowa,Pottawattamie,IowaPottawattamie,2020,77,52,31,32.7,21.5
289,302,Iowa,Scott,IowaScott,2020,155,63,44,29.6,31.8
290,303,Iowa,Van Buren,IowaVan,2020,87,49,36,38.9,14.4
291,304,Iowa,Woodbury,IowaWoodbury,2020,79,50,29,32.2,23.1
292,305,Kansas,Chase,KansasChase,2020,58,38,18,29.1,25.5
293,306,Kansas,Ford,KansasFord,2020,79,29,11,25.3,17.7
294,307,Kansas,Johnson,KansasJohnson,2020,117,56,36,14.5,56.0
295,308,Kansas,Leavenworth,KansasLeavenworth,2020,77,44,32,28.3,31.5
296,309,Kansas,Neosho,KansasNeosho,2020,106,54,39,32.5,18.1
297,310,Kansas,Sedgwick,KansasSedgwick,2020,114,54,38,26.3,30.9
298,311,Kansas,Shawnee,KansasShawnee,2020,169,58,39,31.4,30.9
299,312,Kansas,Sherman,KansasSherman,2020,106,44,13,30.3,21.8
300,313,Kansas,Sumner,KansasSumner,2020,117,59,40,34.9,23.3
301,314,Kansas,Trego,KansasTrego,2020,147,51,37,31.1,24.8
302,315,Kansas,Wyandotte,KansasWyandotte,2020,116,63,44,32.1,18.1
303,316,Kentucky,Bell,KentuckyBell,2020,71,46,33,38.5,9.2
304,317,Kentucky,Boone,KentuckyBoone,2020,87,50,36,27.5,32.1
305,318,Kentucky,Boyd,KentuckyBoyd,2020,88,51,36,33.9,19.4
306,319,Kentucky,Bullitt,KentuckyBullitt,2020,115,48,37,41.6,14.7
307,320,Kentucky,Campbell,KentuckyCampbell,2020,93,54,39,28.2,36.3
308,321,Kentucky,Carter,KentuckyCarter,2020,59,44,31,40.3,12.6
309,322,Kentucky,Christian,KentuckyChristian,2020,83,51,38,31.0,18.1
310,323,Kentucky,Daviess,KentuckyDaviess,2020,105,54,38,34.1,22.9
311,324,Kentucky,Edmonson,KentuckyEdmonson,2020,64,45,33,39.3,10.3
312,325,Kentucky,Fayette,KentuckyFayette,2020,84,51,38,19.6,43.6
313,326,Kentucky,Greenup,KentuckyGreenup,2020,61,42,28,36.0,17.1
314,327,Kentucky,Hancock,KentuckyHancock,2020,97,47,37,43.4,11.4
315,328,Kentucky,Hardin,KentuckyHardin,2020,80,51,38,30.4,22.0
316,329,Kentucky,Henderson,KentuckyHenderson,2020,114,44,1,36.0,18.2
317,330,Kentucky,Jefferson,KentuckyJefferson,2020,115,61,45,26.7,33.4
318,331,Kentucky,Jessamine,KentuckyJessamine,2020,77,44,31,30.5,29.5
319,332,Kentucky,Livingston,KentuckyLivingston,2020,105,47,37,43.6,11.8
320,333,Kentucky,McCracken,KentuckyMcCracken,2020,111,57,39,31.4,24.2
321,334,Kentucky,Morgan,KentuckyMorgan,2020,64,44,33,41.4,12.5
322,335,Kentucky,Oldham,KentuckyOldham,2020,97,49,38,20.7,42.4
323,336,Kentucky,Perry,KentuckyPerry,2020,99,48,34,33.0,14.4
324,337,Kentucky,Pike,KentuckyPike,2020,92,45,32,39.4,13.0
325,338,Kentucky,Pulaski,KentuckyPulaski,2020,77,48,36,35.7,16.5
326,339,Kentucky,Simpson,KentuckySimpson,2020,67,46,36,44.9,14.2
327,340,Kentucky,Trigg,KentuckyTrigg,2020,84,45,34,33.2,16.6
328,341,Kentucky,Warren,KentuckyWarren,2020,97,53,38,26.6,32.2
329,342,Kentucky,Washington,KentuckyWashington,2020,77,46,34,42.4,18.8
330,343,Louisiana,Ascension,LouisianaAscension,2020,100,46,31,32.3,26.4
331,344,Louisiana,Bossier,LouisianaBossier,2020,105,53,36,29.7,25.2
332,345,Louisiana,Caddo,LouisianaCaddo,2020,126,49,34,33.7,23.5
333,346,Louisiana,Calcasieu,LouisianaCalcasieu,2020,116,61,41,34.1,22.3
334,347,Louisiana,East Baton Rouge,LouisianaEast,2020,119,55,38,27.3,34.9
335,347,Louisiana,East Baton Rouge,LouisianaEast,2020,119,55,38,40.5,8.9
336,347,Louisiana,East Baton Rouge,LouisianaEast,2020,119,55,38,43.5,12.7
337,348,Louisiana,Iberville,LouisianaIberville,2020,136,54,36,41.3,13.9
338,349,Louisiana,Jefferson,LouisianaJefferson,2020,87,54,36,30.8,26.8
339,349,Louisiana,Jefferson,LouisianaJefferson,2020,87,54,36,40.4,16.9
340,350,Louisiana,Lafayette,LouisianaLafayette,2020,120,59,40,30.4,33.0
341,351,Louisiana,Lafourche,LouisianaLafourche,2020,115,56,39,40.5,16.9
342,352,Louisiana,Livingston,LouisianaLivingston,2020,105,58,39,38.1,19.7
343,353,Louisiana,Orleans,LouisianaOrleans,2020,88,47,28,22.8,37.6
344,354,Louisiana,Ouachita,LouisianaOuachita,2020,111,45,32,34.1,24.2
345,355,Louisiana,Pointe Coupee,LouisianaPointe,2020,100,45,32,39.3,14.9
346,356,Louisiana,Rapides,LouisianaRapides,2020,103,49,26,36.7,20.9
347,357,Louisiana,St. Bernard,LouisianaSt.,2020,91,55,40,32.6,11.6
348,357,Louisiana,St. Bernard,LouisianaSt.,2020,91,55,40,34.5,25.3
349,357,Louisiana,St. Bernard,LouisianaSt.,2020,91,55,40,38.5,16.7
350,357,Louisiana,St. Bernard,LouisianaSt.,2020,91,55,40,41.1,16.3
351,357,Louisiana,St. Bernard,LouisianaSt.,2020,91,55,40,38.8,15.9
352,357,Louisiana,St. Bernard,LouisianaSt.,2020,91,55,40,41.2,14.8
353,357,Louisiana,St. Bernard,LouisianaSt.,2020,91,55,40,43.0,14.5
354,357,Louisiana,St. Bernard,LouisianaSt.,2020,91,55,40,51.0,10.2
355,357,Louisiana,St. Bernard,LouisianaSt.,2020,91,55,40,26.6,33.8
356,358,Louisiana,St. Charles,LouisianaSt.,2020,77,37,3,32.6,11.6
357,358,Louisiana,St. Charles,LouisianaSt.,2020,77,37,3,34.5,25.3
358,358,Louisiana,St. Charles,LouisianaSt.,2020,77,37,3,38.5,16.7
359,358,Louisiana,St. Charles,LouisianaSt.,2020,77,37,3,41.1,16.3
360,358,Louisiana,St. Charles,LouisianaSt.,2020,77,37,3,38.8,15.9
361,358,Louisiana,St. Charles,LouisianaSt.,2020,77,37,3,41.2,14.8
362,358,Louisiana,St. Charles,LouisianaSt.,2020,77,37,3,43.0,14.5
363,358,Louisiana,St. Charles,LouisianaSt.,2020,77,37,3,51.0,10.2
364,358,Louisiana,St. Charles,LouisianaSt.,2020,77,37,3,26.6,33.8
365,359,Louisiana,St. James,LouisianaSt.,2020,90,44,28,32.6,11.6
366,359,Louisiana,St. James,LouisianaSt.,2020,90,44,28,34.5,25.3
367,359,Louisiana,St. James,LouisianaSt.,2020,90,44,28,38.5,16.7
368,359,Louisiana,St. James,LouisianaSt.,2020,90,44,28,41.1,16.3
369,359,Louisiana,St. James,LouisianaSt.,2020,90,44,28,38.8,15.9
370,359,Louisiana,St. James,LouisianaSt.,2020,90,44,28,41.2,14.8
371,359,Louisiana,St. James,LouisianaSt.,2020,90,44,28,43.0,14.5
372,359,Louisiana,St. James,LouisianaSt.,2020,90,44,28,51.0,10.2
373,359,Louisiana,St. James,LouisianaSt.,2020,90,44,28,26.6,33.8
374,360,Louisiana,St. John the Baptist,LouisianaSt.,2020,80,45,31,32.6,11.6
375,360,Louisiana,St. John the Baptist,LouisianaSt.,2020,80,45,31,34.5,25.3
376,360,Louisiana,St. John the Baptist,LouisianaSt.,2020,80,45,31,38.5,16.7
377,360,Louisiana,St. John the Baptist,LouisianaSt.,2020,80,45,31,41.1,16.3
378,360,Louisiana,St. John the Baptist,LouisianaSt.,2020,80,45,31,38.8,15.9
379,360,Louisiana,St. John the Baptist,LouisianaSt.,2020,80,45,31,41.2,14.8
380,360,Louisiana,St. John the Baptist,LouisianaSt.,2020,80,45,31,43.0,14.5
381,360,Louisiana,St. John the Baptist,LouisianaSt.,2020,80,45,31,51.0,10.2
382,360,Louisiana,St. John the Baptist,LouisianaSt.,2020,80,45,31,26.6,33.8
383,361,Louisiana,St. Martin,LouisianaSt.,2020,87,48,33,32.6,11.6
384,361,Louisiana,St. Martin,LouisianaSt.,2020,87,48,33,34.5,25.3
385,361,Louisiana,St. Martin,LouisianaSt.,2020,87,48,33,38.5,16.7
386,361,Louisiana,St. Martin,LouisianaSt.,2020,87,48,33,41.1,16.3
387,361,Louisiana,St. Martin,LouisianaSt.,2020,87,48,33,38.8,15.9
388,361,Louisiana,St. Martin,LouisianaSt.,2020,87,48,33,41.2,14.8
389,361,Louisiana,St. Martin,LouisianaSt.,2020,87,48,33,43.0,14.5
390,361,Louisiana,St. Martin,LouisianaSt.,2020,87,48,33,51.0,10.2
391,361,Louisiana,St. Martin,LouisianaSt.,2020,87,48,33,26.6,33.8
392,362,Louisiana,St. Tammany,LouisianaSt.,2020,90,52,36,32.6,11.6
393,362,Louisiana,St. Tammany,LouisianaSt.,2020,90,52,36,34.5,25.3
394,362,Louisiana,St. Tammany,LouisianaSt.,2020,90,52,36,38.5,16.7
395,362,Louisiana,St. Tammany,LouisianaSt.,2020,90,52,36,41.1,16.3
396,362,Louisiana,St. Tammany,LouisianaSt.,2020,90,52,36,38.8,15.9
397,362,Louisiana,St. Tammany,LouisianaSt.,2020,90,52,36,41.2,14.8
398,362,Louisiana,St. Tammany,LouisianaSt.,2020,90,52,36,43.0,14.5
399,362,Louisiana,St. Tammany,LouisianaSt.,2020,90,52,36,51.0,10.2
400,362,Louisiana,St. Tammany,LouisianaSt.,2020,90,52,36,26.6,33.8
401,363,Louisiana,Tangipahoa,LouisianaTangipahoa,2020,64,49,26,37.2,20.0
402,364,Louisiana,Terrebonne,LouisianaTerrebonne,2020,74,50,27,38.9,15.6
403,365,Louisiana,West Baton Rouge,LouisianaWest,2020,101,58,38,37.2,22.0
404,365,Louisiana,West Baton Rouge,LouisianaWest,2020,101,58,38,45.7,11.7
405,365,Louisiana,West Baton Rouge,LouisianaWest,2020,101,58,38,31.8,24.2
406,366,Maine,Androscoggin,MaineAndroscoggin,2020,66,44,29,35.5,22.8
407,367,Maine,Aroostook,MaineAroostook,2020,189,47,33,37.3,19.2
408,368,Maine,Cumberland,MaineCumberland,2020,97,53,38,22.2,47.6
409,369,Maine,Hancock,MaineHancock,2020,105,48,35,30.8,34.1
410,370,Maine,Kennebec,MaineKennebec,2020,64,44,35,32.7,28.1
411,371,Maine,Knox,MaineKnox,2020,71,45,31,32.9,33.5
412,372,Maine,Oxford,MaineOxford,2020,65,44,33,42.0,19.2
413,373,Maine,Penobscot,MainePenobscot,2020,73,44,29,33.6,27.7
414,374,Maine,Washington,MaineWashington,2020,61,44,33,38.0,22.0
415,375,Maine,York,MaineYork,2020,87,47,39,30.0,32.5
416,376,Maryland,Allegany,MarylandAllegany,2020,9,3,1,41.8,18.9
417,377,Maryland,Anne Arundel,MarylandAnne,2020,108,49,32,23.7,41.7
418,378,Maryland,Baltimore,MarylandBaltimore,2020,105,57,39,25.8,39.4
419,378,Maryland,Baltimore,MarylandBaltimore,2020,105,57,39,29.1,31.9
420,379,Maryland,Baltimore (City),MarylandBaltimore,2020,97,51,34,25.8,39.4
421,379,Maryland,Baltimore (City),MarylandBaltimore,2020,97,51,34,29.1,31.9
422,380,Maryland,Calvert,MarylandCalvert,2020,67,44,35,30.3,32.4
423,381,Maryland,Carroll,MarylandCarroll,2020,84,49,39,29.4,36.4
424,382,Maryland,Cecil,MarylandCecil,2020,97,49,34,36.1,23.9
425,383,Maryland,Charles,MarylandCharles,2020,58,44,34,31.7,28.9
426,384,Maryland,Dorchester,MarylandDorchester,2020,84,47,35,38.5,21.2
427,385,Maryland,Frederick,MarylandFrederick,2020,90,49,40,24.1,41.4
428,386,Maryland,Garrett,MarylandGarrett,2020,71,46,36,43.3,20.9
429,387,Maryland,Harford,MarylandHarford,2020,119,55,38,26.0,36.7
430,388,Maryland,Howard,MarylandHoward,2020,68,44,28,13.5,62.6
431,389,Maryland,Kent,MarylandKent,2020,100,46,33,29.8,35.1
432,390,Maryland,Montgomery,MarylandMontgomery,2020,77,45,33,13.4,58.9
433,391,Maryland,Prince George's,MarylandPrince,2020,105,50,37,25.8,33.1
434,392,Maryland,Washington,MarylandWashington,2020,81,51,37,36.5,21.9
435,393,Massachusetts,Barnstable,MassachusettsBarnstable,2020,108,45,35,23.7,43.4
436,394,Massachusetts,Berkshire,MassachusettsBerkshire,2020,94,52,36,29.4,33.6
437,395,Massachusetts,Bristol,MassachusettsBristol,2020,119,53,39,29.9,28.7
438,396,Massachusetts,Dukes,MassachusettsDukes,2020,126,45,37,23.6,44.9
439,397,Massachusetts,Essex,MassachusettsEssex,2020,97,50,37,25.1,39.9
440,398,Massachusetts,Franklin,MassachusettsFranklin,2020,96,55,37,28.5,37.3
441,399,Massachusetts,Hampden,MassachusettsHampden,2020,99,55,39,30.7,27.1
442,400,Massachusetts,Hampshire,MassachusettsHampshire,2020,84,48,35,22.6,48.3
443,401,Massachusetts,Middlesex,MassachusettsMiddlesex,2020,93,48,36,19.0,56.3
444,402,Massachusetts,Norfolk,MassachusettsNorfolk,2020,71,43,32,19.2,53.6
445,403,Massachusetts,Plymouth,MassachusettsPlymouth,2020,80,51,37,27.8,37.6
446,404,Massachusetts,Suffolk,MassachusettsSuffolk,2020,84,51,37,22.1,46.1
447,405,Massachusetts,Worcester,MassachusettsWorcester,2020,90,52,38,27.8,36.4
448,406,Michigan,Allegan,MichiganAllegan,2020,136,54,36,37.9,22.6
449,407,Michigan,Bay,MichiganBay,2020,74,39,17,34.6,19.3
450,408,Michigan,Benzie,MichiganBenzie,2020,164,47,36,31.2,30.3
451,409,Michigan,Berrien,MichiganBerrien,2020,150,61,38,28.1,27.8
452,410,Michigan,Cass,MichiganCass,2020,122,61,39,33.2,19.2
453,411,Michigan,Clinton,MichiganClinton,2020,93,46,34,26.8,32.1
454,412,Michigan,Genesee,MichiganGenesee,2020,126,52,35,31.6,21.2
455,413,Michigan,Huron,MichiganHuron,2020,150,48,36,41.6,16.0
456,414,Michigan,Ingham,MichiganIngham,2020,151,51,34,22.0,38.9
457,415,Michigan,Kalamazoo,MichiganKalamazoo,2020,115,58,38,22.0,38.8
458,416,Michigan,Kent,MichiganKent,2020,153,58,36,24.1,35.7
459,417,Michigan,Keweenaw,MichiganKeweenaw,2020,35,23,10,35.4,32.0
460,418,Michigan,Lenawee,MichiganLenawee,2020,122,57,38,36.9,21.0
461,419,Michigan,Macomb,MichiganMacomb,2020,126,60,36,29.7,24.9
462,420,Michigan,Manistee,MichiganManistee,2020,80,41,28,35.6,20.3
463,421,Michigan,Mason,MichiganMason,2020,159,49,37,34.5,23.1
464,422,Michigan,Missaukee,MichiganMissaukee,2020,105,52,36,41.9,14.0
465,423,Michigan,Monroe,MichiganMonroe,2020,66,14,1,35.2,20.5
466,424,Michigan,Muskegon,MichiganMuskegon,2020,143,64,37,34.0,19.7
467,425,Michigan,Oakland,MichiganOakland,2020,126,59,36,18.6,47.2
468,426,Michigan,Ottawa,MichiganOttawa,2020,150,56,33,28.2,34.1
469,427,Michigan,Schoolcraft,MichiganSchoolcraft,2020,133,44,33,44.1,15.6
470,428,Michigan,St. Clair,MichiganSt.,2020,114,60,35,34.0,18.6
471,428,Michigan,St. Clair,MichiganSt.,2020,114,60,35,36.6,16.2
472,429,Michigan,Tuscola,MichiganTuscola,2020,101,44,32,42.4,13.5
473,430,Michigan,Washtenaw,MichiganWashtenaw,2020,157,58,38,14.6,55.9
474,431,Michigan,Wayne,MichiganWayne,2020,179,73,48,30.1,23.9
475,432,Michigan,Wexford,MichiganWexford,2020,100,44,33,36.4,18.2
476,433,Minnesota,Anoka,MinnesotaAnoka,2020,87,52,35,27.9,30.5
477,434,Minnesota,Becker,MinnesotaBecker,2020,101,46,32,31.6,25.0
478,435,Minnesota,Beltrami,MinnesotaBeltrami,2020,73,39,23,27.8,29.2
479,436,Minnesota,Carlton,MinnesotaCarlton,2020,84,42,24,32.1,22.1
480,437,Minnesota,Cass,MinnesotaCass,2020,75,35,17,32.3,23.2
481,438,Minnesota,Cook,MinnesotaCook,2020,53,21,10,24.0,40.4
482,439,Minnesota,Crow Wing,MinnesotaCrow,2020,76,42,28,29.9,24.7
483,440,Minnesota,Dakota,MinnesotaDakota,2020,135,52,30,20.4,42.2
484,441,Minnesota,Goodhue,MinnesotaGoodhue,2020,87,46,35,32.8,26.0
485,442,Minnesota,Hennepin,MinnesotaHennepin,2020,156,57,38,16.4,50.1
486,443,Minnesota,Lake,MinnesotaLake,2020,71,42,30,30.9,28.8
487,443,Minnesota,Lake,MinnesotaLake,2020,71,42,30,38.6,16.7
488,444,Minnesota,Lyon,MinnesotaLyon,2020,80,48,32,31.7,26.1
489,445,Minnesota,Mille Lacs,MinnesotaMille,2020,87,44,33,38.6,14.7
490,446,Minnesota,Olmsted,MinnesotaOlmsted,2020,111,52,35,19.9,44.9
491,447,Minnesota,Ramsey,MinnesotaRamsey,2020,160,54,30,20.9,42.3
492,449,Minnesota,Scott,MinnesotaScott,2020,121,49,32,22.2,39.9
493,450,Minnesota,Stearns,MinnesotaStearns,2020,80,47,33,28.0,27.5
494,451,Minnesota,Washington,MinnesotaWashington,2020,77,42,24,21.0,44.3
495,452,Minnesota,Winona,MinnesotaWinona,2020,52,27,16,27.2,30.1
496,453,Minnesota,Wright,MinnesotaWright,2020,112,51,34,29.4,29.6
497,454,Mississippi,Bolivar,MississippiBolivar,2020,85,56,39,24.9,23.6
498,455,Mississippi,DeSoto,MississippiDeSoto,2020,100,54,37,29.2,25.0
499,456,Mississippi,Forrest,MississippiForrest,2020,97,59,36,27.2,27.8
500,457,Mississippi,Hancock,MississippiHancock,2020,88,54,38,28.1,22.0
501,458,Mississippi,Harrison,MississippiHarrison,2020,101,60,42,29.1,23.1
502,459,Mississippi,Hinds,MississippiHinds,2020,114,62,44,25.0,29.0
503,460,Mississippi,Jackson,MississippiJackson,2020,84,55,39,31.2,21.1
504,461,Mississippi,Lauderdale,MississippiLauderdale,2020,50,42,31,27.5,19.7
505,462,Mississippi,Lee,MississippiLee,2020,54,45,35,25.9,24.4
506,463,Mississippi,Yalobusha,MississippiYalobusha,2020,51,42,31,40.2,13.8
507,464,Missouri,Andrew,MissouriAndrew,2020,77,49,38,37.4,24.9
508,465,Missouri,Boone,MissouriBoone,2020,93,44,33,21.3,46.1
509,466,Missouri,Buchanan,MissouriBuchanan,2020,126,53,33,37.8,21.1
510,467,Missouri,Callaway,MissouriCallaway,2020,87,45,35,36.1,23.1
511,468,Missouri,Cass,MissouriCass,2020,105,49,36,33.9,26.3
512,469,Missouri,Cedar,MissouriCedar,2020,99,50,36,41.2,13.6
513,470,Missouri,Clay,MissouriClay,2020,101,55,35,28.4,33.2
514,471,Missouri,Clinton,MissouriClinton,2020,87,48,37,40.0,21.6
515,472,Missouri,Franklin,MissouriFranklin,2020,94,17,1,32.7,20.9
516,473,Missouri,Greene,MissouriGreene,2020,116,52,37,28.0,30.5
517,474,Missouri,Iron,MissouriIron,2020,100,47,17,41.4,10.8
518,475,Missouri,Jackson,MissouriJackson,2020,157,60,40,28.3,31.6
519,476,Missouri,Jasper,MissouriJasper,2020,82,52,35,33.6,23.6
520,477,Missouri,Jefferson,MissouriJefferson,2020,141,54,38,31.6,20.4
521,478,Missouri,Lincoln,MissouriLincoln,2020,108,48,37,42.3,16.8
522,479,Missouri,Monroe,MissouriMonroe,2020,84,43,31,48.4,12.4
523,480,Missouri,New Madrid,MissouriNew,2020,200,168,117,46.7,12.1
524,481,Missouri,Perry,MissouriPerry,2020,97,47,36,43.3,17.7
525,485,Missouri,St. Louis City,MissouriSt.,2020,155,67,46,24.6,38.9
526,485,Missouri,St. Louis City,MissouriSt.,2020,155,67,46,41.1,13.9
527,485,Missouri,St. Louis City,MissouriSt.,2020,155,67,46,37.2,14.3
528,485,Missouri,St. Louis City,MissouriSt.,2020,155,67,46,21.2,43.6
529,485,Missouri,St. Louis City,MissouriSt.,2020,155,67,46,23.9,36.3
530,486,Missouri,Stoddard,MissouriStoddard,2020,62,36,18,41.5,13.3
531,487,Missouri,Taney,MissouriTaney,2020,57,35,17,33.6,19.9
532,488,Montana,Cascade,MontanaCascade,2020,115,44,18,32.8,25.7
533,489,Montana,Fergus,MontanaFergus,2020,157,47,39,28.5,29.1
534,490,Montana,Flathead,MontanaFlathead,2020,190,56,35,29.4,31.0
535,491,Montana,Gallatin,MontanaGallatin,2020,159,52,22,17.8,50.1
536,492,Montana,Lake,MontanaLake,2020,174,27,6,28.5,29.6
537,493,Montana,Lewis and Clark,MontanaLewis,2020,164,55,40,23.6,40.1
538,494,Montana,Lincoln,MontanaLincoln,2020,327,71,40,37.3,19.6
539,495,Montana,Missoula,MontanaMissoula,2020,176,83,47,21.7,43.0
540,496,Montana,Phillips,MontanaPhillips,2020,140,64,35,39.5,17.2
541,497,Montana,Powder River,MontanaPowder,2020,157,66,40,29.7,24.4
542,498,Montana,Powell,MontanaPowell,2020,11,7,3,37.8,20.4
543,499,Montana,Ravalli,MontanaRavalli,2020,176,54,11,30.4,27.8
544,500,Montana,Richland,MontanaRichland,2020,68,46,36,35.2,18.9
545,501,Montana,Roosevelt,MontanaRoosevelt,2020,55,26,9,31.6,17.4
546,502,Montana,Rosebud,MontanaRosebud,2020,153,48,37,30.7,17.8
547,503,Montana,Sanders,MontanaSanders,2020,236,51,23,41.9,17.9
548,504,Montana,Sheridan,MontanaSheridan,2020,53,20,10,32.1,23.9
549,505,Montana,Silver Bow,MontanaSilver,2020,173,56,19,32.0,27.2
550,506,Montana,Yellowstone,MontanaYellowstone,2020,160,48,23,30.2,32.1
551,506,Montana,Yellowstone,MontanaYellowstone,2020,160,48,23,,
552,507,Nebraska,Cass,NebraskaCass,2020,71,32,14,29.9,27.7
553,508,Nebraska,Douglas,NebraskaDouglas,2020,156,55,36,21.4,39.7
554,509,Nebraska,Hall,NebraskaHall,2020,85,43,20,31.3,21.5
555,510,Nebraska,Knox,NebraskaKnox,2020,84,48,35,33.8,21.6
556,511,Nebraska,Lancaster,NebraskaLancaster,2020,74,45,30,21.5,39.5
557,512,Nebraska,Sarpy,NebraskaSarpy,2020,149,52,29,21.7,39.8
558,513,Nebraska,Scotts Bluff,NebraskaScotts,2020,122,55,27,28.7,22.9
559,514,Nebraska,Thomas,NebraskaThomas,2020,71,29,11,22.8,24.7
560,515,Nebraska,Washington,NebraskaWashington,2020,72,42,23,31.6,29.9
561,516,Nevada,Carson City,NevadaCarson,2020,192,67,41,26.0,22.2
562,517,Nevada,Churchill,NevadaChurchill,2020,147,50,40,31.6,18.8
563,518,Nevada,Clark,NevadaClark,2020,174,93,61,28.5,24.5
564,519,Nevada,Douglas,NevadaDouglas,2020,249,60,17,24.4,29.4
565,520,Nevada,Elko,NevadaElko,2020,154,47,18,32.8,16.6
566,521,Nevada,Lyon,NevadaLyon,2020,331,59,38,32.8,14.4
567,522,Nevada,Nye,NevadaNye,2020,200,40,21,38.9,10.7
568,523,Nevada,Washoe,NevadaWashoe,2020,240,85,46,23.5,30.8
569,524,Nevada,White Pine,NevadaWhite,2020,136,61,44,41.5,13.2
570,525,New Hampshire,Belknap,New HampshireBelknap,2020,61,43,30,29.5,32.6
571,526,New Hampshire,Cheshire,New HampshireCheshire,2020,75,47,35,31.4,33.1
572,527,New Hampshire,Coos,New HampshireCoos,2020,74,50,43,39.0,18.2
573,528,New Hampshire,Grafton,New HampshireGrafton,2020,66,43,33,26.5,40.6
574,529,New Hampshire,Hillsborough,New HampshireHillsborough,2020,90,45,36,25.8,38.1
575,530,New Hampshire,Merrimack,New HampshireMerrimack,2020,74,44,28,27.7,35.6
576,531,New Hampshire,Rockingham,New HampshireRockingham,2020,90,51,38,25.4,41.4
577,532,New Jersey,Atlantic,New JerseyAtlantic,2020,90,47,34,32.0,28.1
578,533,New Jersey,Bergen,New JerseyBergen,2020,119,58,39,22.7,49.3
579,534,New Jersey,Camden,New JerseyCamden,2020,87,58,40,29.5,32.5
580,535,New Jersey,Cumberland,New JerseyCumberland,2020,71,52,38,39.4,15.6
581,536,New Jersey,Essex,New JerseyEssex,2020,127,58,39,28.0,35.5
582,537,New Jersey,Gloucester,New JerseyGloucester,2020,101,49,36,32.0,33.0
583,538,New Jersey,Hudson,New JerseyHudson,2020,90,54,37,25.1,42.3
584,539,New Jersey,Hunterdon,New JerseyHunterdon,2020,85,52,38,21.0,52.7
585,540,New Jersey,Mercer,New JerseyMercer,2020,112,54,38,24.6,42.6
586,541,New Jersey,Middlesex,New JerseyMiddlesex,2020,112,53,37,25.3,43.6
587,542,New Jersey,Monmouth,New JerseyMonmouth,2020,93,48,37,23.4,46.0
588,543,New Jersey,Morris,New JerseyMorris,2020,84,47,35,20.1,54.1
589,544,New Jersey,Ocean,New JerseyOcean,2020,84,48,35,34.0,30.0
590,545,New Jersey,Passaic,New JerseyPassaic,2020,100,47,36,34.5,28.2
591,546,New Jersey,Union,New JerseyUnion,2020,111,56,38,28.6,36.0
592,547,New Jersey,Warren,New JerseyWarren,2020,100,50,34,30.6,33.0
593,548,New Mexico,Bernalillo,New MexicoBernalillo,2020,214,77,54,23.2,34.4
594,549,New Mexico,Catron,New MexicoCatron,2020,79,31,11,47.1,15.7
595,550,New Mexico,Chaves,New MexicoChaves,2020,75,39,19,27.7,18.0
596,551,New Mexico,Dona Ana,New MexicoDona,2020,400,88,53,22.7,27.1
597,552,New Mexico,Eddy,New MexicoEddy,2020,115,80,46,36.6,16.2
598,553,New Mexico,Lea,New MexicoLea,2020,76,50,39,31.5,13.6
599,554,New Mexico,Lincoln,New MexicoLincoln,2020,51,29,13,29.9,25.8
600,555,New Mexico,Los Alamos,New MexicoLos,2020,53,19,11,8.8,67.4
601,556,New Mexico,Luna,New MexicoLuna,2020,360,40,19,34.4,12.5
602,557,New Mexico,Rio Arriba,New MexicoRio,2020,90,54,44,32.2,19.3
603,558,New Mexico,San Juan,New MexicoSan,2020,109,64,45,30.5,14.9
604,558,New Mexico,San Juan,New MexicoSan,2020,109,64,45,27.6,21.4
605,559,New Mexico,Sandoval,New MexicoSandoval,2020,119,61,44,25.5,30.5
606,560,New Mexico,Santa Fe,New MexicoSanta,2020,101,58,44,22.3,41.0
607,561,New Mexico,Socorro,New MexicoSocorro,2020,49,28,12,37.4,22.0
608,562,New Mexico,Taos,New MexicoTaos,2020,64,43,20,28.2,28.7
609,563,New Mexico,Valencia,New MexicoValencia,2020,105,61,44,33.0,18.5
610,564,New York,Albany,New YorkAlbany,2020,143,55,38,23.0,41.8
611,565,New York,Bronx,New YorkBronx,2020,108,61,39,27.9,20.1
612,566,New York,Chautauqua,New YorkChautauqua,2020,93,47,35,35.5,22.2
613,567,New York,Dutchess,New YorkDutchess,2020,87,44,33,26.8,35.0
614,568,New York,Erie,New YorkErie,2020,155,52,37,27.6,34.4
615,569,New York,Essex,New YorkEssex,2020,80,47,38,34.4,26.8
616,570,New York,Hamilton,New YorkHamilton,2020,54,44,34,27.2,16.8
617,571,New York,Jefferson,New YorkJefferson,2020,90,44,33,34.7,22.2
618,572,New York,Kings,New YorkKings,2020,77,47,23,25.7,37.5
619,573,New York,Monroe,New YorkMonroe,2020,80,52,36,23.4,38.6
620,574,New York,Nassau,New YorkNassau,2020,72,41,20,22.7,46.0
621,575,New York,New York,New YorkNew,2020,108,56,37,26.0,36.6
622,575,New York,New York,New YorkNew,2020,108,56,37,12.4,61.3
623,576,New York,Niagara,New YorkNiagara,2020,87,46,34,33.2,24.6
624,577,New York,Oneida,New YorkOneida,2020,78,36,16,31.9,25.7
625,578,New York,Onondaga,New YorkOnondaga,2020,74,48,35,25.4,35.9
626,579,New York,Orange,New YorkOrange,2020,97,47,36,29.3,30.3
627,580,New York,Oswego,New YorkOswego,2020,58,44,33,37.5,19.0
628,581,New York,Putnam,New YorkPutnam,2020,64,44,32,27.1,39.6
629,582,New York,Queens,New YorkQueens,2020,140,61,38,27.5,32.2
630,583,New York,Richmond,New YorkRichmond,2020,108,52,36,30.4,33.9
631,584,New York,Rockland,New YorkRockland,2020,93,48,34,22.5,41.1
632,585,New York,Saratoga,New YorkSaratoga,2020,61,44,33,24.9,41.4
633,586,New York,St. Lawrence,New YorkSt.,2020,118,69,14,36.8,23.8
634,587,New York,Steuben,New YorkSteuben,2020,79,44,34,36.7,23.6
635,588,New York,Suffolk,New YorkSuffolk,2020,133,59,37,27.3,36.3
636,589,New York,Tompkins,New YorkTompkins,2020,64,44,34,19.0,53.5
637,590,New York,Wayne,New YorkWayne,2020,80,46,34,33.7,22.6
638,591,New York,Westchester,New YorkWestchester,2020,105,50,36,19.2,48.9
639,592,North Carolina,Alexander,North CarolinaAlexander,2020,54,45,33,38.7,14.2
640,593,North Carolina,Avery,North CarolinaAvery,2020,80,46,37,30.2,20.7
641,594,North Carolina,Beaufort,North CarolinaBeaufort,2020,34,6,0,32.5,20.6
642,595,North Carolina,Brunswick,North CarolinaBrunswick,2020,100,34,0,27.9,29.9
643,596,North Carolina,Buncombe,North CarolinaBuncombe,2020,97,45,31,23.2,40.1
644,597,North Carolina,Caldwell,North CarolinaCaldwell,2020,50,44,31,32.5,15.7
645,598,North Carolina,Carteret,North CarolinaCarteret,2020,61,43,34,25.6,29.1
646,599,North Carolina,Caswell,North CarolinaCaswell,2020,61,44,31,33.6,15.9
647,600,North Carolina,Catawba,North CarolinaCatawba,2020,94,53,31,30.0,22.6
648,601,North Carolina,Cumberland,North CarolinaCumberland,2020,81,49,35,25.9,25.5
649,602,North Carolina,Davidson,North CarolinaDavidson,2020,95,54,32,32.8,18.5
650,603,North Carolina,Durham,North CarolinaDurham,2020,97,49,35,17.7,48.2
651,604,North Carolina,Edgecombe,North CarolinaEdgecombe,2020,94,46,32,37.5,13.6
652,605,North Carolina,Forsyth,North CarolinaForsyth,2020,97,56,40,25.7,34.0
653,606,North Carolina,Graham,North CarolinaGraham,2020,97,49,40,36.3,12.9
654,607,North Carolina,Granville,North CarolinaGranville,2020,51,46,36,30.6,22.5
655,608,North Carolina,Guilford,North CarolinaGuilford,2020,87,50,36,23.3,36.0
656,609,North Carolina,Haywood,North CarolinaHaywood,2020,93,50,35,26.4,26.0
657,610,North Carolina,Hyde,North CarolinaHyde,2020,53,30,16,38.7,9.2
658,611,North Carolina,Jackson,North CarolinaJackson,2020,68,40,24,26.8,30.4
659,612,North Carolina,Johnston,North CarolinaJohnston,2020,72,49,36,27.8,22.9
660,613,North Carolina,Lenoir,North CarolinaLenoir,2020,58,45,32,31.9,14.9
661,614,North Carolina,Lincoln,North CarolinaLincoln,2020,71,45,35,31.1,23.0
662,615,North Carolina,Macon,North CarolinaMacon,2020,64,41,29,31.0,23.8
663,616,North Carolina,Martin,North CarolinaMartin,2020,49,41,30,33.9,16.4
664,617,North Carolina,Mecklenburg,North CarolinaMecklenburg,2020,112,56,40,17.0,45.4
665,618,North Carolina,Mitchell,North CarolinaMitchell,2020,103,36,20,33.0,20.5
666,619,North Carolina,Montgomery,North CarolinaMontgomery,2020,83,47,35,34.6,15.7
667,620,North Carolina,New Hanover,North CarolinaNew,2020,74,45,31,21.3,40.6
668,621,North Carolina,Northampton,North CarolinaNorthampton,2020,88,42,22,38.5,13.8
669,622,North Carolina,Person,North CarolinaPerson,2020,74,43,29,37.4,15.6
670,623,North Carolina,Pitt,North CarolinaPitt,2020,95,47,33,23.8,32.7
671,624,North Carolina,Rockingham,North CarolinaRockingham,2020,54,46,34,34.9,15.1
672,625,North Carolina,Rowan,North CarolinaRowan,2020,88,52,39,32.6,18.5
673,626,North Carolina,Swain,North CarolinaSwain,2020,119,47,33,30.6,18.2
674,627,North Carolina,Union,North CarolinaUnion,2020,50,44,31,24.6,35.4
675,628,North Carolina,Wake,North CarolinaWake,2020,101,56,38,15.1,52.8
676,629,North Carolina,Yancey,North CarolinaYancey,2020,105,58,44,33.2,20.3
677,630,North Dakota,Billings,North DakotaBillings,2020,61,44,34,33.0,26.3
678,631,North Dakota,Burke,North DakotaBurke,2020,69,45,33,27.8,22.8
679,632,North Dakota,Burleigh,North DakotaBurleigh,2020,74,48,33,22.7,35.8
680,633,North Dakota,Cass,North DakotaCass,2020,80,46,34,20.1,40.2
681,634,North Dakota,Dunn,North DakotaDunn,2020,58,44,33,33.7,21.3
682,635,North Dakota,McKenzie,North DakotaMcKenzie,2020,62,44,33,28.4,25.8
683,636,North Dakota,Mercer,North DakotaMercer,2020,120,45,33,27.0,21.7
684,637,North Dakota,Oliver,North DakotaOliver,2020,74,46,35,30.8,21.1
685,638,North Dakota,Ward,North DakotaWard,2020,69,43,33,30.0,29.3
686,639,North Dakota,Williams,North DakotaWilliams,2020,26,4,1,27.1,23.6
687,640,Ohio,Adams,OhioAdams,2020,81,45,27,44.5,13.2
688,641,Ohio,Allen,OhioAllen,2020,105,52,36,38.8,18.9
689,642,Ohio,Ashtabula,OhioAshtabula,2020,93,44,31,44.6,14.3
690,643,Ohio,Athens,OhioAthens,2020,61,41,24,35.1,30.2
691,644,Ohio,Belmont,OhioBelmont,2020,66,30,12,42.4,16.7
692,645,Ohio,Butler,OhioButler,2020,126,61,40,32.9,30.2
693,646,Ohio,Clark,OhioClark,2020,108,57,40,37.9,18.7
694,647,Ohio,Clermont,OhioClermont,2020,100,50,35,32.4,28.6
695,648,Ohio,Clinton,OhioClinton,2020,97,54,39,39.1,18.9
696,649,Ohio,Columbiana,OhioColumbiana,2020,31,7,1,44.7,14.9
697,650,Ohio,Cuyahoga,OhioCuyahoga,2020,152,67,46,27.8,32.5
698,651,Ohio,Delaware,OhioDelaware,2020,101,50,38,18.3,54.3
699,652,Ohio,Fayette,OhioFayette,2020,80,49,35,45.9,16.3
700,653,Ohio,Franklin,OhioFranklin,2020,102,58,40,24.6,40.0
701,654,Ohio,Gallia,OhioGallia,2020,116,43,7,41.2,15.9
702,655,Ohio,Geauga,OhioGeauga,2020,100,61,41,25.3,38.0
703,656,Ohio,Greene,OhioGreene,2020,93,51,39,24.5,39.2
704,657,Ohio,Guernsey,OhioGuernsey,2020,50,40,3,42.7,14.6
705,658,Ohio,Hamilton,OhioHamilton,2020,126,70,48,26.3,37.9
706,659,Ohio,Hancock,OhioHancock,2020,21,21,0,36.0,27.1
707,660,Ohio,Harrison,OhioHarrison,2020,49,23,1,47.9,11.6
708,661,Ohio,Jefferson,OhioJefferson,2020,112,58,37,44.8,15.8
709,662,Ohio,Knox,OhioKnox,2020,80,49,38,39.8,23.0
710,663,Ohio,Lake,OhioLake,2020,140,59,37,31.8,27.4
711,664,Ohio,Lawrence,OhioLawrence,2020,77,51,35,43.9,14.9
712,665,Ohio,Licking,OhioLicking,2020,77,48,37,34.3,26.1
713,666,Ohio,Lorain,OhioLorain,2020,154,51,35,31.0,24.9
714,667,Ohio,Lucas,OhioLucas,2020,136,61,38,29.7,26.3
715,668,Ohio,Madison,OhioMadison,2020,84,51,39,41.6,17.5
716,669,Ohio,Mahoning,OhioMahoning,2020,142,54,38,37.6,24.2
717,670,Ohio,Medina,OhioMedina,2020,93,51,35,31.0,33.9
718,671,Ohio,Miami,OhioMiami,2020,93,49,39,36.6,23.3
719,672,Ohio,Montgomery,OhioMontgomery,2020,112,64,44,27.8,27.9
720,673,Ohio,Morgan,OhioMorgan,2020,96,9,1,43.9,10.2
721,674,Ohio,Noble,OhioNoble,2020,87,47,36,47.9,9.9
722,675,Ohio,Portage,OhioPortage,2020,101,55,39,36.6,29.0
723,676,Ohio,Preble,OhioPreble,2020,101,54,38,43.9,16.3
724,677,Ohio,Scioto,OhioScioto,2020,92,31,14,41.2,15.7
725,678,Ohio,Stark,OhioStark,2020,119,62,42,38.2,22.8
726,679,Ohio,Summit,OhioSummit,2020,114,59,39,30.2,32.5
727,680,Ohio,Trumbull,OhioTrumbull,2020,153,52,37,44.5,18.7
728,681,Ohio,Warren,OhioWarren,2020,115,59,39,25.8,43.0
729,682,Ohio,Washington,OhioWashington,2020,108,48,38,40.3,18.8
730,683,Ohio,Wood,OhioWood,2020,80,46,34,30.7,33.5
731,684,Oklahoma,Adair,OklahomaAdair,2020,151,49,33,46.6,11.6
732,685,Oklahoma,Canadian,OklahomaCanadian,2020,84,49,36,29.8,27.4
733,686,Oklahoma,Carter,OklahomaCarter,2020,147,64,43,36.7,20.5
734,687,Oklahoma,Cleveland,OklahomaCleveland,2020,121,64,43,24.7,33.4
735,688,Oklahoma,Comanche,OklahomaComanche,2020,107,58,40,32.8,22.2
736,689,Oklahoma,Creek,OklahomaCreek,2020,93,47,35,40.0,17.0
737,690,Oklahoma,Dewey,OklahomaDewey,2020,99,57,39,41.5,24.0
738,691,Oklahoma,Garfield,OklahomaGarfield,2020,72,11,0,36.2,22.9
739,692,Oklahoma,Grant,OklahomaGrant,2020,65,44,19,36.9,24.6
740,693,Oklahoma,Johnston,OklahomaJohnston,2020,97,49,38,34.9,20.1
741,694,Oklahoma,Kay,OklahomaKay,2020,113,58,42,32.4,18.9
742,695,Oklahoma,Mayes,OklahomaMayes,2020,51,44,31,39.5,14.3
743,696,Oklahoma,Muskogee,OklahomaMuskogee,2020,27,6,0,34.4,20.4
744,697,Oklahoma,Oklahoma,OklahomaOklahoma,2020,112,67,45,31.3,25.5
745,697,Oklahoma,Oklahoma,OklahomaOklahoma,2020,112,67,45,25.7,32.0
746,698,Oklahoma,Osage,OklahomaOsage,2020,90,49,36,38.1,18.0
747,699,Oklahoma,Ottawa,OklahomaOttawa,2020,154,60,37,36.3,14.5
748,700,Oklahoma,Pittsburg,OklahomaPittsburg,2020,141,56,39,38.2,16.1
749,701,Oklahoma,Sequoyah,OklahomaSequoyah,2020,141,47,33,38.6,14.4
750,702,Oklahoma,Tulsa,OklahomaTulsa,2020,129,58,42,25.4,31.8
751,703,Oklahoma,Washington,OklahomaWashington,2020,101,56,40,34.0,28.5
752,704,Oregon,Baker,OregonBaker,2020,200,51,25,31.1,23.7
753,705,Oregon,Benton,OregonBenton,2020,396,50,18,13.3,54.1
754,706,Oregon,Clackamas,OregonClackamas,2020,366,49,30,21.2,37.4
755,707,Oregon,Columbia,OregonColumbia,2020,268,40,25,33.8,18.5
756,708,Oregon,Crook,OregonCrook,2020,561,60,21,33.3,19.8
757,709,Oregon,Deschutes,OregonDeschutes,2020,583,55,18,21.8,35.4
758,710,Oregon,Douglas,OregonDouglas,2020,518,57,22,32.3,17.3
759,711,Oregon,Grant,OregonGrant,2020,322,66,33,36.0,18.9
760,712,Oregon,Harney,OregonHarney,2020,304,72,32,36.6,18.4
761,713,Oregon,Jackson,OregonJackson,2020,517,70,40,26.1,27.8
762,714,Oregon,Jefferson,OregonJefferson,2020,595,59,21,30.7,19.4
763,715,Oregon,Josephine,OregonJosephine,2020,472,73,26,31.0,17.5
764,716,Oregon,Klamath,OregonKlamath,2020,679,124,41,31.0,20.0
765,717,Oregon,Lake,OregonLake,2020,165,66,23,34.5,16.4
766,718,Oregon,Lane,OregonLane,2020,550,75,40,23.2,30.5
767,719,Oregon,Linn,OregonLinn,2020,502,63,27,29.0,19.3
768,720,Oregon,Marion,OregonMarion,2020,641,58,32,26.6,23.5
769,721,Oregon,Multnomah,OregonMultnomah,2020,477,58,33,17.0,45.9
770,722,Oregon,Umatilla,OregonUmatilla,2020,463,55,35,28.5,17.2
771,723,Oregon,Union,OregonUnion,2020,288,48,20,32.2,24.5
772,724,Oregon,Wallowa,OregonWallowa,2020,198,53,20,28.6,26.4
773,725,Oregon,Wasco,OregonWasco,2020,417,45,18,29.1,19.6
774,726,Oregon,Washington,OregonWashington,2020,416,56,31,17.4,44.4
775,727,Pennsylvania,Adams,PennsylvaniaAdams,2020,86,54,40,39.9,22.3
776,728,Pennsylvania,Allegheny,PennsylvaniaAllegheny,2020,128,79,47,27.0,41.6
777,729,Pennsylvania,Armstrong,PennsylvaniaArmstrong,2020,122,54,39,49.0,16.7
778,730,Pennsylvania,Beaver,PennsylvaniaBeaver,2020,142,62,42,36.8,24.7
779,731,Pennsylvania,Berks,PennsylvaniaBerks,2020,102,58,40,36.7,24.9
780,732,Pennsylvania,Blair,PennsylvaniaBlair,2020,87,54,38,45.0,21.3
781,733,Pennsylvania,Bradford,PennsylvaniaBradford,2020,81,48,37,47.0,18.7
782,734,Pennsylvania,Bucks,PennsylvaniaBucks,2020,115,46,33,28.2,41.3
783,735,Pennsylvania,Cambria,PennsylvaniaCambria,2020,89,56,38,45.4,21.1
784,736,Pennsylvania,Centre,PennsylvaniaCentre,2020,90,51,38,29.4,45.5
785,737,Pennsylvania,Chester,PennsylvaniaChester,2020,143,55,39,20.8,53.0
786,738,Pennsylvania,Clearfield,PennsylvaniaClearfield,2020,54,42,31,49.5,15.1
787,739,Pennsylvania,Cumberland,PennsylvaniaCumberland,2020,137,55,33,32.0,36.6
788,740,Pennsylvania,Dauphin,PennsylvaniaDauphin,2020,116,61,40,33.2,30.8
789,741,Pennsylvania,Delaware,PennsylvaniaDelaware,2020,129,64,43,30.2,39.0
790,742,Pennsylvania,Elk,PennsylvaniaElk,2020,67,44,34,48.0,19.6
791,743,Pennsylvania,Erie,PennsylvaniaErie,2020,87,49,34,38.5,27.9
792,744,Pennsylvania,Fayette,PennsylvaniaFayette,2020,100,51,37,48.0,17.3
793,745,Pennsylvania,Franklin,PennsylvaniaFranklin,2020,50,42,32,43.1,21.6
794,746,Pennsylvania,Greene,PennsylvaniaGreene,2020,101,49,36,46.0,17.6
795,747,Pennsylvania,Indiana,PennsylvaniaIndiana,2020,112,48,36,43.2,23.0
796,748,Pennsylvania,Lackawanna,PennsylvaniaLackawanna,2020,81,50,38,36.9,28.3
797,749,Pennsylvania,Lancaster,PennsylvaniaLancaster,2020,153,62,43,35.3,27.3
798,750,Pennsylvania,Lawrence,PennsylvaniaLawrence,2020,93,43,31,43.3,22.1
799,751,Pennsylvania,Lebanon,PennsylvaniaLebanon,2020,115,55,30,44.0,20.7
800,752,Pennsylvania,Lehigh,PennsylvaniaLehigh,2020,93,52,37,32.9,29.9
801,753,Pennsylvania,Luzerne,PennsylvaniaLuzerne,2020,54,43,31,39.0,22.9
802,754,Pennsylvania,Lycoming,PennsylvaniaLycoming,2020,109,51,37,38.9,23.4
803,755,Pennsylvania,Mercer,PennsylvaniaMercer,2020,105,54,38,43.0,22.8
804,756,Pennsylvania,Monroe,PennsylvaniaMonroe,2020,80,44,33,35.1,24.7
805,757,Pennsylvania,Montgomery,PennsylvaniaMontgomery,2020,99,56,38,23.6,49.3
806,758,Pennsylvania,Northampton,PennsylvaniaNorthampton,2020,117,54,38,34.5,30.3
807,759,Pennsylvania,Philadelphia,PennsylvaniaPhiladelphia,2020,119,59,41,32.6,29.7
808,760,Pennsylvania,Somerset,PennsylvaniaSomerset,2020,71,44,34,49.8,15.9
809,761,Pennsylvania,Susquehanna,PennsylvaniaSusquehanna,2020,71,40,23,45.0,18.6
810,762,Pennsylvania,Tioga,PennsylvaniaTioga,2020,79,47,37,45.3,19.1
811,763,Pennsylvania,Warren,PennsylvaniaWarren,2020,95,24,9,45.4,19.5
812,764,Pennsylvania,Washington,PennsylvaniaWashington,2020,100,58,41,37.3,30.0
813,765,Pennsylvania,Westmoreland,PennsylvaniaWestmoreland,2020,81,50,35,36.9,29.1
814,766,Pennsylvania,Wyoming,PennsylvaniaWyoming,2020,76,43,25,46.4,19.6
815,767,Pennsylvania,York,PennsylvaniaYork,2020,97,57,40,39.6,24.9
816,779,Rhode Island,Kent,Rhode IslandKent,2020,133,47,31,28.0,33.3
817,780,Rhode Island,Providence,Rhode IslandProvidence,2020,112,54,40,31.0,29.0
818,781,Rhode Island,Washington,Rhode IslandWashington,2020,154,49,32,22.8,46.1
819,782,South Carolina,Aiken,South CarolinaAiken,2020,71,44,32,32.8,26.4
820,783,South Carolina,Anderson,South CarolinaAnderson,2020,71,46,35,31.2,22.2
821,784,South Carolina,Berkeley,South CarolinaBerkeley,2020,51,43,31,29.4,25.0
822,785,South Carolina,Charleston,South CarolinaCharleston,2020,117,51,35,22.7,43.6
823,786,South Carolina,Chesterfield,South CarolinaChesterfield,2020,89,49,34,41.3,10.4
824,787,South Carolina,Darlington,South CarolinaDarlington,2020,49,42,32,35.1,18.4
825,788,South Carolina,Edgefield,South CarolinaEdgefield,2020,115,46,33,36.7,16.7
826,789,South Carolina,Florence,South CarolinaFlorence,2020,95,42,28,32.9,23.6
827,790,South Carolina,Greenville,South CarolinaGreenville,2020,116,55,39,23.8,35.1
828,791,South Carolina,Horry,South CarolinaHorry,2020,50,44,32,32.5,23.6
829,792,South Carolina,Lexington,South CarolinaLexington,2020,111,48,29,28.2,30.4
830,793,South Carolina,Oconee,South CarolinaOconee,2020,0,0,0,29.0,25.8
831,794,South Carolina,Richland,South CarolinaRichland,2020,117,49,35,22.5,39.1
832,795,South Carolina,Spartanburg,South CarolinaSpartanburg,2020,112,54,40,29.3,24.5
833,796,South Carolina,York,South CarolinaYork,2020,92,47,35,25.1,33.3
834,797,South Dakota,Brookings,South DakotaBrookings,2020,87,55,38,25.2,40.3
835,798,South Dakota,Brown,South DakotaBrown,2020,75,47,23,31.6,29.4
836,799,South Dakota,Codington,South DakotaCodington,2020,101,53,36,36.5,21.5
837,800,South Dakota,Custer,South DakotaCuster,2020,119,54,41,35.0,23.5
838,801,South Dakota,Hughes,South DakotaHughes,2020,76,30,14,27.3,34.7
839,802,South Dakota,Jackson,South DakotaJackson,2020,90,51,39,33.5,17.8
840,803,South Dakota,Meade,South DakotaMeade,2020,84,47,38,28.7,27.2
841,804,South Dakota,Minnehaha,South DakotaMinnehaha,2020,90,52,35,26.4,33.1
842,805,South Dakota,Pennington,South DakotaPennington,2020,91,62,31,27.5,31.5
843,806,South Dakota,Union,South DakotaUnion,2020,141,53,36,29.5,30.6
844,807,Tennessee,Anderson,TennesseeAnderson,2020,64,46,35,32.9,23.3
845,808,Tennessee,Blount,TennesseeBlount,2020,92,51,38,34.6,24.2
846,809,Tennessee,Claiborne,TennesseeClaiborne,2020,51,44,32,38.0,16.1
847,810,Tennessee,Davidson,TennesseeDavidson,2020,116,58,41,22.1,41.7
848,811,Tennessee,DeKalb,TennesseeDeKalb,2020,61,44,33,40.9,16.7
849,812,Tennessee,Dyer,TennesseeDyer,2020,117,42,23,38.8,16.1
850,813,Tennessee,Hamilton,TennesseeHamilton,2020,151,55,40,26.9,32.2
851,814,Tennessee,Jefferson,TennesseeJefferson,2020,74,48,37,39.1,16.8
852,815,Tennessee,Knox,TennesseeKnox,2020,90,55,38,25.3,37.6
853,816,Tennessee,Lawrence,TennesseeLawrence,2020,72,37,20,44.3,14.3
854,817,Tennessee,Loudon,TennesseeLoudon,2020,97,49,34,32.4,26.4
855,818,Tennessee,Madison,TennesseeMadison,2020,108,42,25,35.3,25.6
856,819,Tennessee,Maury,TennesseeMaury,2020,91,42,22,35.7,23.0
857,820,Tennessee,McMinn,TennesseeMcMinn,2020,88,47,28,40.4,16.2
858,821,Tennessee,Montgomery,TennesseeMontgomery,2020,116,44,26,28.5,28.5
859,822,Tennessee,Putnam,TennesseePutnam,2020,105,40,23,36.5,26.4
860,823,Tennessee,Roane,TennesseeRoane,2020,91,46,26,36.3,19.8
861,824,Tennessee,Sevier,TennesseeSevier,2020,105,49,40,37.2,17.4
862,825,Tennessee,Shelby,TennesseeShelby,2020,152,61,44,27.5,31.6
863,826,Tennessee,Sullivan,TennesseeSullivan,2020,109,54,37,34.7,23.6
864,827,Tennessee,Sumner,TennesseeSumner,2020,121,52,37,30.9,28.1
865,828,Tennessee,Williamson,TennesseeWilliamson,2020,71,47,37,13.3,59.8
866,829,Tennessee,Wilson,TennesseeWilson,2020,64,45,33,29.0,32.4
867,830,Texas,Atascosa,TexasAtascosa,2020,156,60,29,38.7,14.4
868,831,Texas,Bell,TexasBell,2020,135,61,40,26.0,25.2
869,832,Texas,Bexar,TexasBexar,2020,158,77,49,25.4,28.0
870,833,Texas,Bowie,TexasBowie,2020,127,56,36,34.8,20.6
871,834,Texas,Brazoria,TexasBrazoria,2020,182,51,33,25.5,30.0
872,835,Texas,Brazos,TexasBrazos,2020,99,52,30,19.2,41.7
873,836,Texas,Brewster,TexasBrewster,2020,80,50,40,21.3,40.0
874,837,Texas,Cameron,TexasCameron,2020,176,70,43,26.4,17.3
875,838,Texas,Collin,TexasCollin,2020,154,54,37,15.0,52.3
876,839,Texas,Culberson,TexasCulberson,2020,112,80,47,35.0,10.2
877,840,Texas,Dallas,TexasDallas,2020,135,67,42,22.6,31.5
878,841,Texas,Denton,TexasDenton,2020,142,71,40,17.8,45.1
879,842,Texas,Ector,TexasEctor,2020,95,51,27,30.3,15.4
880,843,Texas,El Paso,TexasEl,2020,192,84,54,23.7,23.3
881,844,Texas,Ellis,TexasEllis,2020,125,58,39,27.7,24.3
882,845,Texas,Freestone,TexasFreestone,2020,10,1,0,33.2,15.3
883,846,Texas,Galveston,TexasGalveston,2020,143,62,40,24.9,31.1
884,847,Texas,Gregg,TexasGregg,2020,86,46,32,28.2,21.3
885,848,Texas,Harris,TexasHarris,2020,179,80,50,23.4,31.5
886,849,Texas,Harrison,TexasHarrison,2020,100,52,36,34.0,19.1
887,850,Texas,Hidalgo,TexasHidalgo,2020,155,65,37,23.5,18.7
888,851,Texas,Hood,TexasHood,2020,100,48,33,30.0,26.4
889,852,Texas,Howard,TexasHoward,2020,200,71,9,33.7,12.6
890,853,Texas,Hunt,TexasHunt,2020,87,45,32,34.0,19.9
891,854,Texas,Hutchinson,TexasHutchinson,2020,156,113,16,34.4,14.0
892,855,Texas,Jefferson,TexasJefferson,2020,122,63,41,31.9,19.7
893,856,Texas,Johnson,TexasJohnson,2020,105,50,34,35.9,18.7
894,857,Texas,Karnes,TexasKarnes,2020,32,17,6,36.9,15.3
895,858,Texas,Kaufman,TexasKaufman,2020,134,56,37,32.4,20.5
896,859,Texas,Kleberg,TexasKleberg,2020,168,66,35,26.7,24.6
897,860,Texas,Lubbock,TexasLubbock,2020,81,40,20,25.6,30.1
898,861,Texas,Maverick,TexasMaverick,2020,160,56,27,22.6,12.7
899,862,Texas,McLennan,TexasMcLennan,2020,97,50,38,27.0,24.2
900,863,Texas,Milam,TexasMilam,2020,3,1,0,38.1,14.1
901,864,Texas,Montgomery,TexasMontgomery,2020,129,62,40,22.8,34.5
902,865,Texas,Navarro,TexasNavarro,2020,153,68,40,29.0,15.9
903,866,Texas,Nueces,TexasNueces,2020,159,64,40,29.3,21.8
904,867,Texas,Orange,TexasOrange,2020,103,62,41,37.2,15.5
905,868,Texas,Parker,TexasParker,2020,115,50,35,28.8,26.4
906,869,Texas,Polk,TexasPolk,2020,71,43,31,39.5,13.1
907,870,Texas,Potter,TexasPotter,2020,138,67,22,32.0,14.9
908,871,Texas,Randall,TexasRandall,2020,90,64,42,22.8,32.4
909,872,Texas,Robertson,TexasRobertson,2020,29,1,0,35.5,16.1
910,873,Texas,Rockwall,TexasRockwall,2020,133,45,32,18.7,40.7
911,874,Texas,Rusk,TexasRusk,2020,120,44,3,31.8,15.5
912,875,Texas,Smith,TexasSmith,2020,84,46,33,23.4,26.4
913,876,Texas,Tarrant,TexasTarrant,2020,159,77,45,24.0,32.3
914,877,Texas,Titus,TexasTitus,2020,36,7,0,33.4,16.3
915,878,Texas,Travis,TexasTravis,2020,153,63,44,16.5,50.0
916,879,Texas,Victoria,TexasVictoria,2020,100,47,31,30.8,20.0
917,880,Texas,Webb,TexasWebb,2020,160,65,41,25.3,18.9
918,881,Texas,Wilson,TexasWilson,2020,34,18,7,36.1,21.8
919,882,Utah,Box Elder,UtahBox,2020,147,51,40,31.0,23.9
920,883,Utah,Cache,UtahCache,2020,159,71,44,20.2,38.3
921,884,Utah,Carbon,UtahCarbon,2020,93,51,43,27.1,17.1
922,885,Utah,Davis,UtahDavis,2020,155,77,44,21.2,37.8
923,886,Utah,Duchesne,UtahDuchesne,2020,125,64,45,36.7,14.7
924,887,Utah,Garfield,UtahGarfield,2020,74,50,42,36.2,25.9
925,888,Utah,Iron,UtahIron,2020,86,50,40,23.6,29.8
926,889,Utah,Salt Lake,UtahSalt,2020,194,87,50,22.6,35.6
927,890,Utah,San Juan,UtahSan,2020,108,54,43,32.2,18.3
928,891,Utah,Tooele,UtahTooele,2020,159,67,42,29.3,24.2
929,892,Utah,Uintah,UtahUintah,2020,119,65,45,34.9,15.8
930,893,Utah,Utah,UtahUtah,2020,150,77,45,22.8,34.0
931,893,Utah,Utah,UtahUtah,2020,150,77,45,16.4,40.8
932,894,Utah,Washington,UtahWashington,2020,112,61,44,23.4,28.1
933,895,Utah,Wayne,UtahWayne,2020,66,31,8,24.6,23.4
934,896,Utah,Weber,UtahWeber,2020,140,71,44,29.6,24.5
935,897,Vermont,Bennington,VermontBennington,2020,70,45,35,29.1,36.2
936,898,Vermont,Chittenden,VermontChittenden,2020,98,47,36,19.0,51.3
937,899,Vermont,Rutland,VermontRutland,2020,96,51,37,34.4,30.8
938,900,Vermont,Windham,VermontWindham,2020,31,19,9,29.5,38.1
939,904,Virginia,Albemarle,VirginiaAlbemarle,2020,66,47,35,15.8,55.1
940,905,Virginia,Arlington,VirginiaArlington,2020,90,46,33,7.8,75.3
941,906,Virginia,Botetourt,VirginiaBotetourt,2020,69,20,3,32.3,28.3
942,907,Virginia,Bristol City,VirginiaBristol,2020,55,43,24,29.7,25.4
943,908,Virginia,Caroline,VirginiaCaroline,2020,64,45,34,37.7,19.9
944,909,Virginia,Carroll,VirginiaCarroll,2020,15,12,7,36.0,15.0
945,910,Virginia,Charles,VirginiaCharles,2020,67,44,31,38.3,14.7
946,911,Virginia,Chesterfield,VirginiaChesterfield,2020,61,44,32,23.6,40.5
947,912,Virginia,Covington City,VirginiaCovington,2020,84,33,10,44.4,15.6
948,913,Virginia,Fairfax,VirginiaFairfax,2020,100,54,38,12.8,61.6
949,913,Virginia,Fairfax,VirginiaFairfax,2020,100,54,38,13.4,60.8
950,914,Virginia,Fauquier,VirginiaFauquier,2020,61,42,31,26.6,36.4
951,915,Virginia,Frederick,VirginiaFrederick,2020,78,45,35,32.4,28.3
952,916,Virginia,Giles,VirginiaGiles,2020,200,61,37,38.7,18.1
953,917,Virginia,Hampton City,VirginiaHampton,2020,64,45,34,29.1,26.9
954,918,Virginia,Hanover,VirginiaHanover,2020,64,45,34,25.5,39.8
955,919,Virginia,Henrico,VirginiaHenrico,2020,71,48,36,21.2,43.7
956,920,Virginia,Hopewell City,VirginiaHopewell,2020,15,13,6,36.7,14.8
957,921,Virginia,Loudoun,VirginiaLoudoun,2020,108,45,33,12.4,61.3
958,922,Virginia,Lynchburg City,VirginiaLynchburg,2020,54,38,21,25.2,35.6
959,923,Virginia,Madison,VirginiaMadison,2020,54,45,37,36.3,23.4
960,924,Virginia,Norfolk City,VirginiaNorfolk,2020,60,31,17,25.6,28.8
961,925,Virginia,Prince Edward,VirginiaPrince,2020,49,42,30,34.1,26.8
962,925,Virginia,Prince Edward,VirginiaPrince,2020,49,42,30,33.8,23.6
963,925,Virginia,Prince Edward,VirginiaPrince,2020,49,42,30,20.0,41.1
964,926,Virginia,Prince William,VirginiaPrince,2020,74,44,32,34.1,26.8
965,926,Virginia,Prince William,VirginiaPrince,2020,74,44,32,33.8,23.6
966,926,Virginia,Prince William,VirginiaPrince,2020,74,44,32,20.0,41.1
967,927,Virginia,Richmond City,VirginiaRichmond,2020,77,44,29,35.4,17.7
968,927,Virginia,Richmond City,VirginiaRichmond,2020,77,44,29,21.8,39.6
969,928,Virginia,Roanoke,VirginiaRoanoke,2020,69,48,35,25.0,35.6
970,928,Virginia,Roanoke,VirginiaRoanoke,2020,69,48,35,34.1,23.4
971,929,Virginia,Rockbridge,VirginiaRockbridge,2020,49,42,31,33.7,26.7
972,930,Virginia,Rockingham,VirginiaRockingham,2020,74,44,32,35.1,26.3
973,931,Virginia,Salem City,VirginiaSalem,2020,66,42,23,29.0,27.9
974,932,Virginia,Stafford,VirginiaStafford,2020,84,44,32,22.9,39.9
975,933,Virginia,Suffolk City,VirginiaSuffolk,2020,67,44,36,27.1,29.5
976,934,Virginia,Virginia Beach City,VirginiaVirginia,2020,71,45,23,24.0,38.8
977,934,Virginia,Virginia Beach City,VirginiaVirginia,2020,71,45,23,21.0,36.0
978,935,Virginia,Winchester City,VirginiaWinchester,2020,18,12,6,24.6,35.1
979,936,Virginia,Wythe,VirginiaWythe,2020,61,45,34,37.9,19.0
980,937,Washington,Adams,WashingtonAdams,2020,241,33,13,28.7,14.3
981,938,Washington,Asotin,WashingtonAsotin,2020,289,62,29,28.0,21.4
982,939,Washington,Benton,WashingtonBenton,2020,908,54,33,24.5,30.9
983,940,Washington,Chelan,WashingtonChelan,2020,489,54,21,26.4,25.8
984,941,Washington,Clallam,WashingtonClallam,2020,309,47,33,26.3,27.4
985,942,Washington,Clark,WashingtonClark,2020,509,58,27,24.2,30.6
986,943,Washington,Columbia,WashingtonColumbia,2020,233,41,18,21.7,25.6
987,944,Washington,Cowlitz,WashingtonCowlitz,2020,257,38,16,30.6,17.0
988,945,Washington,Franklin,WashingtonFranklin,2020,260,34,14,25.5,17.7
989,946,Washington,Garfield,WashingtonGarfield,2020,228,36,15,27.9,24.5
990,947,Washington,Grant,WashingtonGrant,2020,283,39,16,27.2,17.7
991,948,Washington,Grays Harbor,WashingtonGrays,2020,218,38,20,34.0,16.5
992,949,Washington,Jefferson,WashingtonJefferson,2020,208,33,18,20.7,44.3
993,950,Washington,King,WashingtonKing,2020,275,62,36,15.0,52.5
994,951,Washington,Kitsap,WashingtonKitsap,2020,221,38,18,22.2,33.2
995,952,Washington,Kittitas,WashingtonKittitas,2020,459,54,18,24.9,32.3
996,953,Washington,Klickitat,WashingtonKlickitat,2020,669,39,17,24.8,31.5
997,954,Washington,Lewis,WashingtonLewis,2020,233,34,19,29.1,17.7
998,955,Washington,Mason,WashingtonMason,2020,324,41,18,31.2,17.6
999,956,Washington,Okanogan,WashingtonOkanogan,2020,423,71,35,30.3,20.0
1000,957,Washington,Pend Oreille,WashingtonPend,2020,59,53,35,31.0,20.8
1001,958,Washington,Pierce,WashingtonPierce,2020,231,62,40,27.2,27.2
1002,959,Washington,Skagit,WashingtonSkagit,2020,52,31,16,26.3,26.2
1003,960,Washington,Snohomish,WashingtonSnohomish,2020,225,64,30,23.3,32.8
1004,961,Washington,Spokane,WashingtonSpokane,2020,479,52,33,23.2,30.8
1005,962,Washington,Stevens,WashingtonStevens,2020,536,63,32,34.5,18.7
1006,963,Washington,Thurston,WashingtonThurston,2020,217,44,25,21.3,35.7
1007,964,Washington,Walla Walla,WashingtonWalla,2020,819,50,22,19.8,29.8
1008,965,Washington,Whatcom,WashingtonWhatcom,2020,212,60,29,23.4,34.3
1009,966,Washington,Whitman,WashingtonWhitman,2020,212,35,15,15.9,49.8
1010,967,Washington,Yakima,WashingtonYakima,2020,465,76,35,28.1,16.7
1011,968,West Virginia,Berkeley,West VirginiaBerkeley,2020,95,48,36,37.6,21.2
1012,969,West Virginia,Brooke,West VirginiaBrooke,2020,94,48,20,40.9,19.0
1013,970,West Virginia,Cabell,West VirginiaCabell,2020,100,47,36,33.3,26.0
1014,971,West Virginia,Gilmer,West VirginiaGilmer,2020,49,41,29,44.7,17.0
1015,972,West Virginia,Greenbrier,West VirginiaGreenbrier,2020,54,44,34,37.8,19.9
1016,973,West Virginia,Hancock,West VirginiaHancock,2020,133,49,32,41.9,17.4
1017,974,West Virginia,Harrison,West VirginiaHarrison,2020,78,43,26,38.6,23.3
1018,975,West Virginia,Kanawha,West VirginiaKanawha,2020,84,48,37,37.1,25.5
1019,976,West Virginia,Marion,West VirginiaMarion,2020,67,47,26,40.7,22.6
1020,977,West Virginia,Marshall,West VirginiaMarshall,2020,68,37,6,44.5,18.0
1021,978,West Virginia,Mason,West VirginiaMason,2020,113,29,1,45.5,14.4
1022,979,West Virginia,Mineral,West VirginiaMineral,2020,3,1,1,49.2,15.5
1023,980,West Virginia,Monongalia,West VirginiaMonongalia,2020,90,46,33,27.2,42.8
1024,981,West Virginia,Ohio,West VirginiaOhio,2020,101,51,38,34.2,32.0
1025,982,West Virginia,Tucker,West VirginiaTucker,2020,51,44,33,46.8,19.4
1026,983,West Virginia,Wood,West VirginiaWood,2020,80,45,32,34.4,21.9
1027,984,Wisconsin,Ashland,WisconsinAshland,2020,71,43,32,37.0,19.8
1028,985,Wisconsin,Brown,WisconsinBrown,2020,119,55,35,29.9,30.3
1029,986,Wisconsin,Columbia,WisconsinColumbia,2020,115,48,38,33.7,23.3
1030,987,Wisconsin,Dane,WisconsinDane,2020,112,59,39,17.8,51.4
1031,988,Wisconsin,Dodge,WisconsinDodge,2020,136,56,38,40.9,17.0
1032,989,Wisconsin,Door,WisconsinDoor,2020,150,51,36,30.3,33.7
1033,990,Wisconsin,Eau Claire,WisconsinEau,2020,93,54,37,25.0,32.3
1034,991,Wisconsin,Fond du Lac,WisconsinFond,2020,115,46,36,36.1,23.1
1035,992,Wisconsin,Forest,WisconsinForest,2020,93,47,35,39.2,14.7
1036,993,Wisconsin,Grant,WisconsinGrant,2020,82,55,30,35.1,23.8
1037,994,Wisconsin,Jefferson,WisconsinJefferson,2020,136,51,38,33.4,25.4
1038,995,Wisconsin,Kenosha,WisconsinKenosha,2020,197,67,40,30.1,26.1
1039,996,Wisconsin,Kewaunee,WisconsinKewaunee,2020,97,47,34,39.9,19.4
1040,997,Wisconsin,La Crosse,WisconsinLa,2020,93,54,37,25.4,34.9
1041,998,Wisconsin,Manitowoc,WisconsinManitowoc,2020,136,58,36,38.6,20.2
1042,999,Wisconsin,Marathon,WisconsinMarathon,2020,74,45,31,34.3,25.4
1043,1000,Wisconsin,Milwaukee,WisconsinMilwaukee,2020,169,67,40,28.4,31.0
1044,1001,Wisconsin,Oneida,WisconsinOneida,2020,72,11,0,32.0,27.2
1045,1002,Wisconsin,Outagamie,WisconsinOutagamie,2020,126,59,37,31.7,29.7
1046,1003,Wisconsin,Ozaukee,WisconsinOzaukee,2020,164,59,35,20.0,49.0
1047,1004,Wisconsin,Racine,WisconsinRacine,2020,172,67,38,31.6,25.2
1048,1005,Wisconsin,Rock,WisconsinRock,2020,105,49,38,36.1,22.1
1049,1006,Wisconsin,Sauk,WisconsinSauk,2020,112,54,36,33.9,24.1
1050,1007,Wisconsin,Sheboygan,WisconsinSheboygan,2020,159,74,39,35.9,25.1
1051,1008,Wisconsin,Taylor,WisconsinTaylor,2020,78,49,35,43.4,15.1
1052,1009,Wisconsin,Vilas,WisconsinVilas,2020,84,46,30,30.0,29.1
1053,1010,Wisconsin,Walworth,WisconsinWalworth,2020,136,50,39,31.3,28.8
1054,1011,Wisconsin,Waukesha,WisconsinWaukesha,2020,129,60,39,22.7,44.5
1055,1012,Wyoming,Albany,WyomingAlbany,2020,177,71,46,14.7,51.8
1056,1013,Wyoming,Big Horn,WyomingBig,2020,126,46,38,29.1,19.0
1057,1014,Wyoming,Campbell,WyomingCampbell,2020,124,68,44,35.6,18.9
1058,1015,Wyoming,Carbon,WyomingCarbon,2020,82,25,9,38.2,20.6
1059,1016,Wyoming,Converse,WyomingConverse,2020,129,60,42,39.0,17.3
1060,1017,Wyoming,Fremont,WyomingFremont,2020,158,58,45,29.7,24.3
1061,1018,Wyoming,Johnson,WyomingJohnson,2020,93,50,40,26.8,31.7
1062,1019,Wyoming,Laramie,WyomingLaramie,2020,157,54,39,25.8,28.5
1063,1020,Wyoming,Lincoln,WyomingLincoln,2020,71,34,15,31.8,23.7
1064,1021,Wyoming,Natrona,WyomingNatrona,2020,124,52,41,30.3,22.8
1065,1022,Wyoming,Park,WyomingPark,2020,113,30,11,25.8,34.0
1066,1023,Wyoming,Platte,WyomingPlatte,2020,283,50,19,38.3,20.7
1067,1024,Wyoming,Sheridan,WyomingSheridan,2020,100,47,39,25.6,31.0
1068,1025,Wyoming,Sublette,WyomingSublette,2020,151,61,44,34.6,22.8
1069,1026,Wyoming,Sweetwater,WyomingSweetwater,2020,1250,76,46,33.0,22.5
1070,1027,Wyoming,Teton,WyomingTeton,2020,161,54,42,14.9,57.0
1071,1028,Wyoming,Uinta,WyomingUinta,2020,122,51,40,41.5,16.0
1072,1029,Wyoming,Weston,WyomingWeston,2020,119,49,40,37.4,20.0
